-- MySQL dump 10.13  Distrib 5.5.39, for debian-linux-gnu (i686)
--
-- Host: localhost    Database: alllab
-- ------------------------------------------------------
-- Server version	5.5.39-1

/*!40101 SET @OLD_CHARACTER_SET_CLIENT=@@CHARACTER_SET_CLIENT */;
/*!40101 SET @OLD_CHARACTER_SET_RESULTS=@@CHARACTER_SET_RESULTS */;
/*!40101 SET @OLD_COLLATION_CONNECTION=@@COLLATION_CONNECTION */;
/*!40101 SET NAMES utf8 */;
/*!40103 SET @OLD_TIME_ZONE=@@TIME_ZONE */;
/*!40103 SET TIME_ZONE='+00:00' */;
/*!40014 SET @OLD_UNIQUE_CHECKS=@@UNIQUE_CHECKS, UNIQUE_CHECKS=0 */;
/*!40014 SET @OLD_FOREIGN_KEY_CHECKS=@@FOREIGN_KEY_CHECKS, FOREIGN_KEY_CHECKS=0 */;
/*!40101 SET @OLD_SQL_MODE=@@SQL_MODE, SQL_MODE='NO_AUTO_VALUE_ON_ZERO' */;
/*!40111 SET @OLD_SQL_NOTES=@@SQL_NOTES, SQL_NOTES=0 */;

--
-- Table structure for table `clinician`
--

DROP TABLE IF EXISTS `clinician`;
/*!40101 SET @saved_cs_client     = @@character_set_client */;
/*!40101 SET character_set_client = utf8 */;
CREATE TABLE `clinician` (
  `clinician` varchar(30) NOT NULL,
  `code` varchar(30) NOT NULL,
  PRIMARY KEY (`clinician`)
) ENGINE=InnoDB DEFAULT CHARSET=utf8;
/*!40101 SET character_set_client = @saved_cs_client */;

--
-- Dumping data for table `clinician`
--

LOCK TABLES `clinician` WRITE;
/*!40000 ALTER TABLE `clinician` DISABLE KEYS */;
INSERT INTO `clinician` VALUES ('ART','ART'),('Dentistry','DENT'),('Emergency Medicine','EMED'),('ENT','ENT'),('Medicine','MED'),('OG','OG'),('Opthalmology','OPTH'),('Orthopaedics','ORTHO'),('Paediatrics','PED'),('Plastic Surgery','PLASTIC'),('Psychiatry','PSYC'),('Skin','SKIN'),('Surgery','SUR'),('TB-Chest','TBCH'),('Unspecified','UNKN');
/*!40000 ALTER TABLE `clinician` ENABLE KEYS */;
UNLOCK TABLES;

--
-- Table structure for table `examination`
--

DROP TABLE IF EXISTS `examination`;
/*!40101 SET @saved_cs_client     = @@character_set_client */;
/*!40101 SET character_set_client = utf8 */;
CREATE TABLE `examination` (
  `result` varchar(200) COLLATE utf8_unicode_ci DEFAULT NULL,
  `unit` varchar(10) COLLATE utf8_unicode_ci DEFAULT NULL,
  `name_of_examination` varchar(50) COLLATE utf8_unicode_ci NOT NULL,
  `id` int(11) NOT NULL,
  `referance_range` varchar(200) COLLATE utf8_unicode_ci DEFAULT NULL,
  `sample_type` varchar(20) COLLATE utf8_unicode_ci NOT NULL,
  `preservative` varchar(30) COLLATE utf8_unicode_ci NOT NULL,
  `method_of_analysis` varchar(30) COLLATE utf8_unicode_ci NOT NULL,
  `sample_id` bigint(12) NOT NULL,
  `code` varchar(20) COLLATE utf8_unicode_ci DEFAULT NULL,
  `details` varchar(200) COLLATE utf8_unicode_ci DEFAULT NULL,
  `NABL_Accredited` varchar(20) COLLATE utf8_unicode_ci DEFAULT NULL,
  `section` varchar(5) COLLATE utf8_unicode_ci NOT NULL,
  PRIMARY KEY (`sample_id`,`id`),
  CONSTRAINT `examination_ibfk_1` FOREIGN KEY (`sample_id`) REFERENCES `sample` (`sample_id`) ON DELETE CASCADE ON UPDATE CASCADE
) ENGINE=InnoDB DEFAULT CHARSET=utf8 COLLATE=utf8_unicode_ci;
/*!40101 SET character_set_client = @saved_cs_client */;

--
-- Dumping data for table `examination`
--

LOCK TABLES `examination` WRITE;
/*!40000 ALTER TABLE `examination` DISABLE KEYS */;
INSERT INTO `examination` VALUES ('','mg/dl','Glucose',1,'F:70-110 PP:<140 R:<200','Blood(Serum,Plasma)','Fluoride','GOD-POD endpoint',8915,'GLC','','Yes','BIO'),('','mg/dl','Urea',6,'15-45','Blood(Serum,Plasma)','None','Urease  GLDH',8916,'URE','','Yes','BIO'),('','mg/dl','Urea',6,'15-45','Blood(Serum,Plasma)','None','Urease  GLDH',8918,'URE','','Yes','BIO'),('','mg/dl','Glucose',1,'F:70-110 PP:<140 R:<200','Blood(Serum,Plasma)','Fluoride','GOD-POD endpoint',8919,'GLC','','Yes','BIO'),('','ml/day','Urine Output',38,'N/A','Urine','30 ml 6M HCl','Volumetric measurement',8920,'','','No','BIO'),('','mg/dl','Total Protein',17,'15-40','CSF','Fluoride','pyrogallol red',8921,'MPR','','No','BIO'),('','gm/dl','Total Protein',106,'0.015-0.040','CSF','Fluoride','Biuret',8921,'TP','','No','BIO'),('','mg/dl','Glucose',89,'N/A','Other','Fluoride','GOD-POD endpoint',8922,'GLC','','No','BIO'),('','mg/dl','Bilirubin Direct',7,'0-0.3','Blood(Serum,Plasma)','None','Diazo Reaction in water',8923,'DBIL','','Yes','BIO'),('','U/L','CK-MB',12,'0-24','Blood(Serum,Plasma)','None','Immunoinhibition  kinetic',8923,'CKMB','','No','BIO'),('','mg/dl','Glucose',1,'F:70-110 PP:<140 R:<200','Blood(Serum,Plasma)','Fluoride','GOD-POD endpoint',8924,'GLC','','Yes','BIO'),('','mg/dl','Urea',6,'15-45','Blood(Serum,Plasma)','None','Urease  GLDH',8925,'URE','','Yes','BIO'),('','','HbSAg',602,'','Blood(Serum,Plasma)','None','ELISA',8926,'HBSAG','','yes','SER'),('','','Stool',601,'','Stool','None','Physical, Chemical,Microscopic',8927,'STUL','','no','CP'),('','mg/dl','Glucose',89,'N/A','Other','Fluoride','GOD-POD endpoint',100047,'GLC','','No','BIO'),('','mg/dl','Glucose',89,'N/A','Other','Fluoride','GOD-POD endpoint',100048,'GLC','','No','BIO'),('','mg/dl','Creatinine',4,'0.6-1.6','Blood(Serum,Plasma)','None','Jaffe two point',100050,'CR','','Yes','BIO'),('','mg/dl','Bilirubin Direct',7,'0-0.3','Blood(Serum,Plasma)','None','Diazo Reaction in water',100050,'DBIL','','Yes','BIO'),('','mg/dl','Bilirubin Total',8,'0-2.0','Blood(Serum,Plasma)','None','Diazo Reaction with caffine',100050,'TBIL','','Yes','BIO'),('','mg/dl','Billirubin Indirect',9,'0-2.0','Blood(Serum,Plasma)','None','Calculation',100050,'IBIL','','Yes','BIO'),('','gm/dl','Albumin',11,'3.5-5.5','Blood(Serum,Plasma)','None','BCG',100050,'ALB','','Yes','BIO'),('','gm/dl','Total Protein',15,'6.5-8.5','Blood(Serum,Plasma)','None','Biuret',100050,'TP','','Yes','BIO'),('','mmol/l','Na+',27,'135-145','Blood(Serum,Plasma)','None','Ion-selective electrode',100050,'NA','','Yes','BIO'),('','mmol/l','K+',28,'3.5-5.5','Blood(Serum,Plasma)','None','Ion-selective electrode',100050,'K','','Yes','BIO'),('','U/L','ALT',31,'<45','Blood(Serum,Plasma)','None','L-Alanine  LDH  UV Kinetic',100050,'ALT','','Yes','BIO'),('','N/A','Protein Electrophoresis',64,'N/A','Blood(Serum,Plasma)','None','Agarose pH 8.6 Veronal Buffer',100050,'PRE','','No','BIO'),('','mg/dl','Glucose',1,'F:70-110 PP:<140 R:<200','Blood(Serum,Plasma)','Fluoride','GOD-POD endpoint',100052,'GLC','','Yes','BIO'),('','mg/dl','Urea',6,'15-45','Blood(Serum,Plasma)','None','Urease  GLDH',100053,'URE','','Yes','BIO'),('','gm/dl','Albumin',11,'3.5-5.5','Blood(Serum,Plasma)','None','BCG',100053,'ALB','','Yes','BIO'),('','U/L','Amylase',23,'28-100','Blood(Serum,Plasma)','None','CNP-maltotriose',100053,'AMY','','Yes','BIO'),('','mmol/l','K+',28,'3.5-5.5','Blood(Serum,Plasma)','None','Ion-selective electrode',100053,'K','','Yes','BIO'),('','','Stool',601,'','Stool','None','Physical, Chemical,Microscopic',100054,'STUL','','no','CP'),('','mg/dl','Glucose',1,'F:70-110 PP:<140 R:<200','Blood(Serum,Plasma)','Fluoride','GOD-POD endpoint',100055,'GLC','','Yes','BIO'),('','mg/dl','Glucose',1,'F:70-110 PP:<140 R:<200','Blood(Serum,Plasma)','Fluoride','GOD-POD endpoint',100056,'GLC','','Yes','BIO');
/*!40000 ALTER TABLE `examination` ENABLE KEYS */;
UNLOCK TABLES;

--
-- Table structure for table `location`
--

DROP TABLE IF EXISTS `location`;
/*!40101 SET @saved_cs_client     = @@character_set_client */;
/*!40101 SET character_set_client = utf8 */;
CREATE TABLE `location` (
  `location` varchar(30) COLLATE utf8_unicode_ci DEFAULT NULL
) ENGINE=InnoDB DEFAULT CHARSET=utf8 COLLATE=utf8_unicode_ci;
/*!40101 SET character_set_client = @saved_cs_client */;

--
-- Dumping data for table `location`
--

LOCK TABLES `location` WRITE;
/*!40000 ALTER TABLE `location` DISABLE KEYS */;
INSERT INTO `location` VALUES ('E0(506)'),('E1(507)'),('E2(508)'),('E4(510)'),('F0(511)'),('F1(512)'),('F2(513)'),('F3(514)'),('F4(515)'),('G0(516)'),('G1(517)'),('G2(518)'),('G3(519)'),('G4(520)'),('H0(521)'),('H1(522)'),('H2(523)'),('H3(524)'),('H4(525)'),('NOW(311)'),('MOW(310)'),('FOW'),('Hemodialysis UNIT(741)'),('SICU(478)'),('MICU(500-2)'),('F3N(503)'),('Trauma Center(472-87)'),('Casualty(446)'),('Unspecified-'),('OPD'),('SwineFluWard(529)'),('LeptoWard(506)'),('E3(509)'),('PrisonerWard(310)'),('G0MICU(500)'),('Special Ward(570-71)'),('J1(527)'),('J2(528)'),('J3(529)'),('J4(530)');
/*!40000 ALTER TABLE `location` ENABLE KEYS */;
UNLOCK TABLES;

--
-- Table structure for table `preservative`
--

DROP TABLE IF EXISTS `preservative`;
/*!40101 SET @saved_cs_client     = @@character_set_client */;
/*!40101 SET character_set_client = utf8 */;
CREATE TABLE `preservative` (
  `preservative` varchar(30) NOT NULL,
  `str` varchar(2) NOT NULL,
  PRIMARY KEY (`preservative`)
) ENGINE=InnoDB DEFAULT CHARSET=utf8;
/*!40101 SET character_set_client = @saved_cs_client */;

--
-- Dumping data for table `preservative`
--

LOCK TABLES `preservative` WRITE;
/*!40000 ALTER TABLE `preservative` DISABLE KEYS */;
INSERT INTO `preservative` VALUES ('30 ml 6M HCl','HC'),('EDTA','ED'),('Fluoride','FL'),('None','PL');
/*!40000 ALTER TABLE `preservative` ENABLE KEYS */;
UNLOCK TABLES;

--
-- Table structure for table `profile`
--

DROP TABLE IF EXISTS `profile`;
/*!40101 SET @saved_cs_client     = @@character_set_client */;
/*!40101 SET character_set_client = utf8 */;
CREATE TABLE `profile` (
  `profile` varchar(50) NOT NULL,
  `T1` int(11) DEFAULT NULL,
  `T2` int(11) DEFAULT NULL,
  `T3` int(11) DEFAULT NULL,
  `T4` int(11) DEFAULT NULL,
  `T5` int(11) DEFAULT NULL,
  `T6` varchar(50) NOT NULL,
  `T7` varchar(50) NOT NULL,
  `T8` varchar(50) NOT NULL,
  `T9` varchar(50) NOT NULL,
  `T10` varchar(10) NOT NULL,
  `sample_type` varchar(30) DEFAULT NULL,
  `preservative` varchar(30) DEFAULT NULL,
  PRIMARY KEY (`profile`)
) ENGINE=InnoDB DEFAULT CHARSET=utf8;
/*!40101 SET character_set_client = @saved_cs_client */;

--
-- Dumping data for table `profile`
--

LOCK TABLES `profile` WRITE;
/*!40000 ALTER TABLE `profile` DISABLE KEYS */;
INSERT INTO `profile` VALUES ('24_Hrs_Urinary_Calcium',36,83,38,NULL,NULL,'','','','','','Urine','30 ml 6M HCl'),('ALB+TP',11,15,NULL,NULL,NULL,'','','','','','Blood(Serum,Plasma)','None'),('ALT+CRE',31,4,NULL,NULL,NULL,'','','','','','Blood(Serum,Plasma)','None'),('ALT_only',31,NULL,NULL,NULL,NULL,'','','','','','Blood(Serum,Plasma)','None'),('BIL_NICU',7,9,8,NULL,NULL,'','','','','','Blood(Serum,Plasma)','None'),('Calcium_creat_ratio',84,5,62,NULL,NULL,'','','','','','Urine','None'),('CSF_Special',2,17,NULL,NULL,NULL,'','','','','','CSF','None'),('Electrolyte',28,27,NULL,NULL,NULL,'','','','','','Blood(Serum,Plasma)','None'),('Glu_only',1,NULL,NULL,NULL,NULL,'','','','','','Blood(Serum,Plasma) ','None'),('L+R+E',4,7,8,9,NULL,'28','31','27','','','Blood(Serum,Plasma)','None'),('LDH_only',68,NULL,NULL,NULL,NULL,'','','','','','Blood(Serum,Plasma)','None'),('LFT',7,8,9,31,NULL,'','','','','','Blood(Serum,Plasma)','None'),('LFT-RFT',4,7,8,9,31,'','','','','','Blood(Serum,Plasma)','None'),('Lipid',13,10,NULL,NULL,NULL,'','','','','','Blood(Serum,Plasma)','None'),('MLFT',11,14,15,23,NULL,'','','','','','Blood(Serum,Plasma)','None'),('Protein_Electrophoresis',11,15,64,NULL,NULL,'','','','','','Blood(Serum,Plasma)','None'),('RFT',4,NULL,NULL,NULL,NULL,'','','','','','Blood(Serum,Plasma)','None'),('UA_only',21,NULL,NULL,NULL,NULL,'','','','','','Blood(Serum,Plasma)','None'),('urea_only',6,NULL,NULL,NULL,NULL,'','','','','','Blood(Serum,Plasma)','None'),('Z_Critical_Alert',1005,NULL,NULL,NULL,NULL,'','','','','',NULL,NULL),('Z_Examination_Interference',1003,NULL,NULL,NULL,NULL,'','','','','',NULL,NULL),('Z_Examination_Rejection',1002,NULL,NULL,NULL,NULL,'','','','','',NULL,NULL),('Z_Remark',1007,NULL,NULL,NULL,NULL,'','','','','',NULL,NULL),('Z_Sample_Rejection',1001,NULL,NULL,NULL,NULL,'','','','','',NULL,NULL),('Z_Telephonic_Reporting',1004,NULL,NULL,NULL,NULL,'','','','','',NULL,NULL),('Z_Withdrawn_Report',1006,NULL,NULL,NULL,NULL,'','','','','',NULL,NULL);
/*!40000 ALTER TABLE `profile` ENABLE KEYS */;
UNLOCK TABLES;

--
-- Table structure for table `sample`
--

DROP TABLE IF EXISTS `sample`;
/*!40101 SET @saved_cs_client     = @@character_set_client */;
/*!40101 SET character_set_client = utf8 */;
CREATE TABLE `sample` (
  `sample_id` bigint(12) NOT NULL AUTO_INCREMENT,
  `patient_id` varchar(40) COLLATE utf8_unicode_ci DEFAULT NULL,
  `patient_name` varchar(40) COLLATE utf8_unicode_ci DEFAULT NULL,
  `clinician` varchar(30) COLLATE utf8_unicode_ci DEFAULT NULL,
  `unit` varchar(30) COLLATE utf8_unicode_ci DEFAULT NULL,
  `location` varchar(30) COLLATE utf8_unicode_ci DEFAULT NULL,
  `sample_type` varchar(30) COLLATE utf8_unicode_ci DEFAULT NULL,
  `preservative` varchar(30) COLLATE utf8_unicode_ci DEFAULT NULL,
  `sample_details` varchar(30) COLLATE utf8_unicode_ci DEFAULT NULL,
  `urgent` varchar(30) COLLATE utf8_unicode_ci DEFAULT NULL,
  `status` varchar(30) COLLATE utf8_unicode_ci DEFAULT NULL,
  `sex_age` varchar(10) COLLATE utf8_unicode_ci DEFAULT NULL,
  `sample_receipt_time` varchar(40) COLLATE utf8_unicode_ci DEFAULT NULL,
  `sample_collection_time` varchar(40) COLLATE utf8_unicode_ci NOT NULL,
  `diagnosis` varchar(200) COLLATE utf8_unicode_ci DEFAULT NULL,
  `section` varchar(5) COLLATE utf8_unicode_ci NOT NULL,
  `request_id` int(11) NOT NULL,
  `extra` varchar(200) COLLATE utf8_unicode_ci NOT NULL,
  PRIMARY KEY (`sample_id`)
) ENGINE=InnoDB AUTO_INCREMENT=1510100005 DEFAULT CHARSET=utf8 COLLATE=utf8_unicode_ci;
/*!40101 SET character_set_client = @saved_cs_client */;

--
-- Dumping data for table `sample`
--

LOCK TABLES `sample` WRITE;
/*!40000 ALTER TABLE `sample` DISABLE KEYS */;
INSERT INTO `sample` VALUES (12,'SUR/15/','','ART','1','E0(506)','Stool','None','Random','N','entered','','2015-10-25 18:45:21','','','',0,''),(13,'SUR/15/00000099','ii','Dentistry','1','Casualty(446)','','','Random','N','entered',NULL,'2015-10-25 20:41:32','2015-10-25 20:41:32',NULL,'',0,''),(14,'SUR/15/00000099','ii','Dentistry','1','Casualty(446)','','','Random','N','entered',NULL,'2015-10-25 20:41:32','2015-10-25 20:41:32',NULL,'',0,''),(15,'SUR/15/00000099','ii','Dentistry','1','Casualty(446)','','','Random','N','entered',NULL,'2015-10-25 20:41:32','2015-10-25 20:41:32',NULL,'',0,''),(16,'SUR/15/00000099','ii','Dentistry','1','Casualty(446)','','','Random','N','entered',NULL,'2015-10-25 20:41:32','2015-10-25 20:41:32',NULL,'',0,''),(17,'SUR/15/00000099','ii','Dentistry','1','Casualty(446)','','','Random','N','entered',NULL,'2015-10-25 20:41:32','2015-10-25 20:41:32',NULL,'',0,''),(18,'SUR/15/00000099','ii','Dentistry','1','Casualty(446)','Blood(Serum,Plasma)','Fluoride','Random','N','entered',NULL,'2015-10-25 20:42:55','2015-10-25 20:42:55',NULL,'',0,''),(19,'SUR/15/00000099','ii','Dentistry','1','Casualty(446)','Blood(Serum,Plasma)','None','Random','N','entered',NULL,'2015-10-25 20:42:55','2015-10-25 20:42:55',NULL,'',0,''),(20,'SUR/15/00000099','ii','Dentistry','1','Casualty(446)','Blood(Whole)','EDTA','Random','N','entered',NULL,'2015-10-25 20:42:55','2015-10-25 20:42:55',NULL,'',0,''),(21,'SUR/15/00000099','ii','Dentistry','1','Casualty(446)','Blood(Serum,Plasma)','None','Random','N','entered',NULL,'2015-10-25 20:42:55','2015-10-25 20:42:55',NULL,'',0,''),(22,'SUR/15/00000099','ii','Dentistry','1','Casualty(446)','Stool','None','Random','N','entered',NULL,'2015-10-25 20:42:55','2015-10-25 20:42:55',NULL,'',0,''),(23,'SUR/15/00000777','shailesh','ART','3','F3(514)','Blood(Serum,Plasma)','Fluoride','Random','N','entered',NULL,'2015-10-25 20:50:31','2015-10-25 20:50:31',NULL,'',0,''),(24,'SUR/15/00000777','shailesh','ART','3','F3(514)','Blood(Serum,Plasma)','None','Random','N','entered',NULL,'2015-10-25 20:50:31','2015-10-25 20:50:31',NULL,'',0,''),(25,'SUR/15/00000777','shailesh','ART','3','F3(514)','Stool','None','Random','N','entered',NULL,'2015-10-25 20:50:31','2015-10-25 20:50:31',NULL,'',0,''),(26,'SUR/15/00000777','shailesh','ART','3','F3(514)','Blood(Serum,Plasma)','None','Random','N','entered',NULL,'2015-10-25 20:50:31','2015-10-25 20:50:31',NULL,'',0,''),(27,'SUR/15/00000777','shailesh','ART','3','F3(514)','Blood(Serum,Plasma)','Fluoride','Random','N','entered',NULL,'2015-10-25 20:54:56','2015-10-25 20:54:56',NULL,'',0,''),(28,'SUR/15/00000777','shailesh','ART','3','F3(514)','Blood(Serum,Plasma)','None','Random','N','entered',NULL,'2015-10-25 20:54:56','2015-10-25 20:54:56',NULL,'',0,''),(29,'SUR/15/00000777','shailesh','ART','3','F3(514)','Stool','None','Random','N','entered',NULL,'2015-10-25 20:54:57','2015-10-25 20:54:57',NULL,'',0,''),(30,'SUR/15/00000777','shailesh','ART','3','F3(514)','Blood(Serum,Plasma)','None','Random','N','entered',NULL,'2015-10-25 20:54:57','2015-10-25 20:54:57',NULL,'',0,''),(31,'SUR/15/00000777','shailesh','ART','3','F3(514)','Blood(Serum,Plasma)','Fluoride','Random','N','entered',NULL,'2015-10-25 21:06:30','2015-10-25 21:06:30',NULL,'',0,''),(32,'SUR/15/00000777','shailesh','ART','3','F3(514)','Blood(Serum,Plasma)','None','Random','N','entered',NULL,'2015-10-25 21:06:31','2015-10-25 21:06:31',NULL,'',0,''),(33,'SUR/15/00000777','shailesh','ART','3','F3(514)','Stool','None','Random','N','entered',NULL,'2015-10-25 21:06:31','2015-10-25 21:06:31',NULL,'',0,''),(34,'SUR/15/00000777','shailesh','ART','3','F3(514)','Blood(Serum,Plasma)','None','Random','N','entered',NULL,'2015-10-25 21:06:31','2015-10-25 21:06:31',NULL,'',0,''),(35,'SUR/15/00000777','shailesh','ART','3','F3(514)','Blood(Serum,Plasma)','Fluoride','Random','N','entered',NULL,'2015-10-25 21:08:08','2015-10-25 21:08:08',NULL,'',0,''),(36,'SUR/15/00000777','shailesh','ART','3','F3(514)','Blood(Serum,Plasma)','None','Random','N','entered',NULL,'2015-10-25 21:08:08','2015-10-25 21:08:08',NULL,'',0,''),(37,'SUR/15/00000777','shailesh','ART','3','F3(514)','Stool','None','Random','N','entered',NULL,'2015-10-25 21:08:08','2015-10-25 21:08:08',NULL,'',0,''),(38,'SUR/15/00000777','shailesh','ART','3','F3(514)','Blood(Serum,Plasma)','None','Random','N','entered',NULL,'2015-10-25 21:08:08','2015-10-25 21:08:08',NULL,'',0,''),(39,'SUR/15/00000099','nimesh','Dentistry','1','Casualty(446)','Blood(Serum,Plasma)','None','Random','N','entered',NULL,'2015-10-25 21:10:01','2015-10-25 21:10:01',NULL,'',0,''),(40,'SUR/15/00000099','nimesh','Dentistry','1','Casualty(446)','Ascitic fluid','None','Random','N','entered',NULL,'2015-10-25 21:10:02','2015-10-25 21:10:02',NULL,'',0,''),(41,'SUR/15/00000099','nimesh','Dentistry','1','Casualty(446)','Stool','None','Random','N','entered',NULL,'2015-10-25 21:10:02','2015-10-25 21:10:02',NULL,'',0,''),(42,'SUR/15/00000099','nimesh','Dentistry','1','Casualty(446)','Blood(Serum,Plasma)','None','Random','N','entered',NULL,'2015-10-25 21:10:40','2015-10-25 21:10:40',NULL,'',0,''),(43,'SUR/15/00000099','nimesh','Dentistry','1','Casualty(446)','Ascitic fluid','None','Random','N','entered',NULL,'2015-10-25 21:10:40','2015-10-25 21:10:40',NULL,'',0,''),(44,'SUR/15/00000099','nimesh','Dentistry','1','Casualty(446)','Stool','None','Random','N','entered',NULL,'2015-10-25 21:10:40','2015-10-25 21:10:40',NULL,'',0,''),(45,'SUR/15/00000099','nimesh','Dentistry','1','Casualty(446)','Blood(Serum,Plasma)','None','Random','N','entered',NULL,'2015-10-25 21:11:40','2015-10-25 21:11:40',NULL,'',0,''),(46,'SUR/15/00000099','nimesh','Dentistry','1','Casualty(446)','Ascitic fluid','None','Random','N','entered',NULL,'2015-10-25 21:11:41','2015-10-25 21:11:41',NULL,'',0,''),(47,'SUR/15/00000099','nimesh','Dentistry','1','Casualty(446)','Stool','None','Random','N','entered',NULL,'2015-10-25 21:11:41','2015-10-25 21:11:41',NULL,'',0,''),(48,'SUR/15/00000099','nimesh','Dentistry','1','Casualty(446)','Blood(Serum,Plasma)','None','Random','N','entered',NULL,'2015-10-25 21:13:29','2015-10-25 21:13:29',NULL,'',0,''),(49,'SUR/15/00000099','nimesh','Dentistry','1','Casualty(446)','Ascitic fluid','None','Random','N','entered',NULL,'2015-10-25 21:13:29','2015-10-25 21:13:29',NULL,'',0,''),(50,'SUR/15/00000099','nimesh','Dentistry','1','Casualty(446)','Stool','None','Random','N','entered',NULL,'2015-10-25 21:13:29','2015-10-25 21:13:29',NULL,'',0,''),(51,'SUR/15/00000099','nimesh','Dentistry','1','Casualty(446)','Blood(Serum,Plasma)','None','Random','N','entered',NULL,'2015-10-25 21:15:09','2015-10-25 21:15:09',NULL,'',0,''),(52,'SUR/15/00000099','nimesh','Dentistry','1','Casualty(446)','Ascitic fluid','None','Random','N','entered',NULL,'2015-10-25 21:15:09','2015-10-25 21:15:09',NULL,'',0,''),(53,'SUR/15/00000099','nimesh','Dentistry','1','Casualty(446)','Stool','None','Random','N','entered',NULL,'2015-10-25 21:15:09','2015-10-25 21:15:09',NULL,'',0,''),(54,'SUR/15/00000099','nimesh','Dentistry','1','Casualty(446)','Blood(Serum,Plasma)','None','Random','N','entered',NULL,'2015-10-25 21:16:22','2015-10-25 21:16:22',NULL,'',0,''),(55,'SUR/15/00000099','nimesh','Dentistry','1','Casualty(446)','Ascitic fluid','None','Random','N','entered',NULL,'2015-10-25 21:16:22','2015-10-25 21:16:22',NULL,'',0,''),(56,'SUR/15/00000099','nimesh','Dentistry','1','Casualty(446)','Stool','None','Random','N','entered',NULL,'2015-10-25 21:16:22','2015-10-25 21:16:22',NULL,'',0,''),(57,'SUR/15/00000099','nimesh','Dentistry','1','Casualty(446)','Blood(Serum,Plasma)','None','Random','N','entered',NULL,'2015-10-25 21:16:40','2015-10-25 21:16:40',NULL,'',0,''),(58,'SUR/15/00000099','nimesh','Dentistry','1','Casualty(446)','Ascitic fluid','None','Random','N','entered',NULL,'2015-10-25 21:16:41','2015-10-25 21:16:41',NULL,'',0,''),(59,'SUR/15/00000099','nimesh','Dentistry','1','Casualty(446)','Stool','None','Random','N','entered',NULL,'2015-10-25 21:16:41','2015-10-25 21:16:41',NULL,'',0,''),(60,'SUR/15/00000099','nimesh','Dentistry','1','Casualty(446)','Blood(Serum,Plasma)','None','Random','N','entered',NULL,'2015-10-25 21:16:46','2015-10-25 21:16:46',NULL,'',0,''),(61,'SUR/15/00000099','nimesh','Dentistry','1','Casualty(446)','Ascitic fluid','None','Random','N','entered',NULL,'2015-10-25 21:16:46','2015-10-25 21:16:46',NULL,'',0,''),(62,'SUR/15/00000099','nimesh','Dentistry','1','Casualty(446)','Stool','None','Random','N','entered',NULL,'2015-10-25 21:16:47','2015-10-25 21:16:47',NULL,'',0,''),(63,'SUR/15/00000099','nimesh','Dentistry','1','Casualty(446)','Blood(Serum,Plasma)','None','Random','N','entered',NULL,'2015-10-25 21:18:47','2015-10-25 21:18:47',NULL,'',0,''),(64,'SUR/15/00000099','nimesh','Dentistry','1','Casualty(446)','Ascitic fluid','None','Random','N','entered',NULL,'2015-10-25 21:18:48','2015-10-25 21:18:48',NULL,'',0,''),(65,'SUR/15/00000099','nimesh','Dentistry','1','Casualty(446)','Stool','None','Random','N','entered',NULL,'2015-10-25 21:18:48','2015-10-25 21:18:48',NULL,'',0,''),(66,'SUR/15/00000099','nimesh','Dentistry','1','Casualty(446)','Blood(Serum,Plasma)','None','Random','N','entered',NULL,'2015-10-25 21:20:45','2015-10-25 21:20:45',NULL,'',0,''),(67,'SUR/15/00000099','nimesh','Dentistry','1','Casualty(446)','Ascitic fluid','None','Random','N','entered',NULL,'2015-10-25 21:20:45','2015-10-25 21:20:45',NULL,'',0,''),(68,'SUR/15/00000099','nimesh','Dentistry','1','Casualty(446)','Stool','None','Random','N','entered',NULL,'2015-10-25 21:20:45','2015-10-25 21:20:45',NULL,'',0,''),(69,'SUR/15/00000099','nimesh','Dentistry','1','Casualty(446)','Blood(Serum,Plasma)','None','Random','N','entered',NULL,'2015-10-25 21:21:21','2015-10-25 21:21:21',NULL,'',0,''),(70,'SUR/15/00000099','nimesh','Dentistry','1','Casualty(446)','Ascitic fluid','None','Random','N','entered',NULL,'2015-10-25 21:21:21','2015-10-25 21:21:21',NULL,'',0,''),(71,'SUR/15/00000099','nimesh','Dentistry','1','Casualty(446)','Stool','None','Random','N','entered',NULL,'2015-10-25 21:21:22','2015-10-25 21:21:22',NULL,'',0,''),(72,'SUR/15/00000099','nimesh','Dentistry','1','Casualty(446)','Blood(Serum,Plasma)','None','Random','N','entered',NULL,'2015-10-25 21:22:13','2015-10-25 21:22:13',NULL,'',0,''),(73,'SUR/15/00000099','nimesh','Dentistry','1','Casualty(446)','Ascitic fluid','None','Random','N','entered',NULL,'2015-10-25 21:22:13','2015-10-25 21:22:13',NULL,'',0,''),(74,'SUR/15/00000099','nimesh','Dentistry','1','Casualty(446)','Stool','None','Random','N','entered',NULL,'2015-10-25 21:22:13','2015-10-25 21:22:13',NULL,'',0,''),(75,'SUR/15/00000099','nimesh','Dentistry','1','Casualty(446)','Blood(Serum,Plasma)','None','Random','N','entered',NULL,'2015-10-25 21:23:04','2015-10-25 21:23:04',NULL,'',0,''),(76,'SUR/15/00000099','nimesh','Dentistry','1','Casualty(446)','Ascitic fluid','None','Random','N','entered',NULL,'2015-10-25 21:23:04','2015-10-25 21:23:04',NULL,'',0,''),(77,'SUR/15/00000099','nimesh','Dentistry','1','Casualty(446)','Stool','None','Random','N','entered',NULL,'2015-10-25 21:23:05','2015-10-25 21:23:05',NULL,'',0,''),(78,'SUR/15/00000099','nimesh','Dentistry','1','Casualty(446)','Blood(Serum,Plasma)','None','Random','N','entered','','2015-10-25 21:23:26','2015-10-25 21:23:26','','',0,''),(79,'SUR/15/00000099','nimesh','Dentistry','1','Casualty(446)','Ascitic fluid','None','Random','N','entered',NULL,'2015-10-25 21:23:26','2015-10-25 21:23:26',NULL,'',0,''),(80,'SUR/15/00000099','nimesh','Dentistry','1','Casualty(446)','Stool','None','Random','N','entered',NULL,'2015-10-25 21:23:26','2015-10-25 21:23:26',NULL,'',0,''),(81,'SUR/15/00000099','nimesh','Dentistry','1','Casualty(446)','Blood(Serum,Plasma)','None','Random','N','entered',NULL,'2015-10-25 21:23:42','2015-10-25 21:23:42',NULL,'',0,''),(82,'SUR/15/00000099','nimesh','Dentistry','1','Casualty(446)','Ascitic fluid','None','Random','N','entered',NULL,'2015-10-25 21:23:42','2015-10-25 21:23:42',NULL,'',0,''),(83,'SUR/15/00000099','nimesh','Dentistry','1','Casualty(446)','Stool','None','Random','N','entered',NULL,'2015-10-25 21:23:42','2015-10-25 21:23:42',NULL,'',0,''),(84,'SUR/15/00000099','nimesh','Dentistry','1','Casualty(446)','Blood(Serum,Plasma)','None','Random','N','entered',NULL,'2015-10-25 21:24:04','2015-10-25 21:24:04',NULL,'',0,''),(85,'SUR/15/00000099','nimesh','Dentistry','1','Casualty(446)','Ascitic fluid','None','Random','N','entered',NULL,'2015-10-25 21:24:04','2015-10-25 21:24:04',NULL,'',0,''),(86,'SUR/15/00000099','nimesh','Dentistry','1','Casualty(446)','Stool','None','Random','N','entered',NULL,'2015-10-25 21:24:04','2015-10-25 21:24:04',NULL,'',0,''),(87,'SUR/15/00000099','nimesh','Dentistry','1','Casualty(446)','Blood(Serum,Plasma)','None','Random','N','entered',NULL,'2015-10-25 21:25:25','2015-10-25 21:25:25',NULL,'',0,''),(88,'SUR/15/00000099','nimesh','Dentistry','1','Casualty(446)','Ascitic fluid','None','Random','N','entered',NULL,'2015-10-25 21:25:25','2015-10-25 21:25:25',NULL,'',0,''),(89,'SUR/15/00000099','nimesh','Dentistry','1','Casualty(446)','Stool','None','Random','N','entered',NULL,'2015-10-25 21:25:25','2015-10-25 21:25:25',NULL,'',0,''),(90,'SUR/15/00000099','nimesh','Dentistry','1','Casualty(446)','Blood(Serum,Plasma)','None','Random','N','entered',NULL,'2015-10-25 21:28:18','2015-10-25 21:28:18',NULL,'',0,''),(91,'SUR/15/00000099','nimesh','Dentistry','1','Casualty(446)','Ascitic fluid','None','Random','N','entered',NULL,'2015-10-25 21:28:19','2015-10-25 21:28:19',NULL,'',0,''),(92,'SUR/15/00000099','nimesh','Dentistry','1','Casualty(446)','Stool','None','Random','N','entered',NULL,'2015-10-25 21:28:19','2015-10-25 21:28:19',NULL,'',0,''),(93,'SUR/15/00000099','nimesh','Dentistry','1','Casualty(446)','Blood(Serum,Plasma)','None','Random','N','entered',NULL,'2015-10-25 21:29:09','2015-10-25 21:29:09',NULL,'',0,''),(94,'SUR/15/00000099','nimesh','Dentistry','1','Casualty(446)','Ascitic fluid','None','Random','N','entered',NULL,'2015-10-25 21:29:09','2015-10-25 21:29:09',NULL,'',0,''),(95,'SUR/15/00000099','nimesh','Dentistry','1','Casualty(446)','Stool','None','Random','N','entered',NULL,'2015-10-25 21:29:09','2015-10-25 21:29:09',NULL,'',0,''),(96,'SUR/15/00000099','nimesh','Dentistry','1','Casualty(446)','Blood(Serum,Plasma)','None','Random','N','entered',NULL,'2015-10-25 21:34:57','2015-10-25 21:34:57',NULL,'',0,''),(97,'SUR/15/00000099','nimesh','Dentistry','1','Casualty(446)','Ascitic fluid','None','Random','N','entered',NULL,'2015-10-25 21:34:57','2015-10-25 21:34:57',NULL,'',0,''),(98,'SUR/15/00000099','nimesh','Dentistry','1','Casualty(446)','Stool','None','Random','N','entered',NULL,'2015-10-25 21:34:58','2015-10-25 21:34:58',NULL,'',0,''),(99,'SUR/15/00000099','nim','Dentistry','1','Casualty(446)','Blood(Serum,Plasma)','None','Random','N','entered',NULL,'2015-10-25 21:43:36','2015-10-25 21:43:36',NULL,'',0,''),(100,'SUR/15/00000099','nim','Dentistry','1','Casualty(446)','Blood(Serum,Plasma)','None','Random','N','entered',NULL,'2015-10-25 21:43:37','2015-10-25 21:43:37',NULL,'',0,''),(101,'SUR/15/00000099','nim','Dentistry','1','Casualty(446)','Blood(Serum,Plasma)','None','Random','N','entered',NULL,'2015-10-25 21:43:37','2015-10-25 21:43:37',NULL,'',0,''),(102,'SUR/15/00000666','ramesh','ART','1','G0MICU(500)','Blood(Serum,Plasma)','Fluoride','Fasting','N','entered',NULL,'2015-10-25 21:44:55','2015-10-25 21:44:55',NULL,'',0,''),(103,'SUR/15/00000666','ramesh','ART','1','G0MICU(500)','Blood(Serum,Plasma)','None','Fasting','N','entered',NULL,'2015-10-25 21:44:55','2015-10-25 21:44:55',NULL,'',0,''),(104,'SUR/15/00000666','ramesh','ART','1','G0MICU(500)','Blood(Serum,Plasma)','None','Fasting','N','entered',NULL,'2015-10-25 21:44:55','2015-10-25 21:44:55',NULL,'',0,''),(105,'SUR/15/00000666','ramesh','ART','1','G0MICU(500)','Blood(Serum,Plasma)','None','Fasting','N','entered',NULL,'2015-10-25 21:44:55','2015-10-25 21:44:55',NULL,'',0,''),(106,'SUR/15/00000099','ram','Dentistry','2','Casualty(446)','Blood(Serum,Plasma)','Fluoride','Random','N','entered',NULL,'2015-10-25 21:45:45','2015-10-25 21:45:45',NULL,'',0,''),(107,'SUR/15/00000099','ram','Dentistry','2','Casualty(446)','Blood(Serum,Plasma)','None','Random','N','entered',NULL,'2015-10-25 21:45:45','2015-10-25 21:45:45',NULL,'',0,''),(108,'SUR/15/00000099','ram','Dentistry','2','Casualty(446)','Blood(Serum,Plasma)','EDTA','Random','N','entered',NULL,'2015-10-25 21:45:45','2015-10-25 21:45:45',NULL,'',0,''),(109,'SUR/15/00000099','ram','Dentistry','2','Casualty(446)','Blood(Serum,Plasma)','None','Random','N','entered',NULL,'2015-10-25 21:45:46','2015-10-25 21:45:46',NULL,'',0,''),(110,'SUR/15/00000099','ram','Dentistry','2','Casualty(446)','Blood(Serum,Plasma)','Fluoride','Random','N','entered',NULL,'2015-10-25 21:49:51','2015-10-25 21:49:51',NULL,'',0,''),(111,'SUR/15/00000099','ram','Dentistry','2','Casualty(446)','Blood(Serum,Plasma)','None','Random','N','entered',NULL,'2015-10-25 21:49:52','2015-10-25 21:49:52',NULL,'',0,''),(112,'SUR/15/00000099','ram','Dentistry','2','Casualty(446)','Blood(Serum,Plasma)','EDTA','Random','N','entered',NULL,'2015-10-25 21:49:52','2015-10-25 21:49:52',NULL,'',0,''),(113,'SUR/15/00000099','ram','Dentistry','2','Casualty(446)','Blood(Serum,Plasma)','None','Random','N','entered',NULL,'2015-10-25 21:49:52','2015-10-25 21:49:52',NULL,'',0,''),(114,'SUR/15/00000078','jkl','ART','1','Casualty(446)','Blood(Serum,Plasma)','Fluoride','Random','N','entered',NULL,'2015-10-29 11:35:32','2015-10-29 11:35:32',NULL,'',0,''),(115,'SUR/15/00000078','jkl','ART','1','Casualty(446)','Blood(Serum,Plasma)','None','Random','N','entered',NULL,'2015-10-29 11:35:32','2015-10-29 11:35:32',NULL,'',0,''),(116,'SUR/15/00000078','jkl','ART','1','Casualty(446)','Blood(Whole)','EDTA','Random','N','entered',NULL,'2015-10-29 11:35:32','2015-10-29 11:35:32',NULL,'',0,''),(117,'SUR/15/00000078','jkl','ART','1','Casualty(446)','Blood(Serum,Plasma)','None','Random','N','entered',NULL,'2015-10-29 11:35:33','2015-10-29 11:35:33',NULL,'',0,''),(118,'SUR/15/00000078','jkl','ART','1','Casualty(446)','Stool','None','Random','N','entered',NULL,'2015-10-29 11:35:33','2015-10-29 11:35:33',NULL,'',0,''),(119,'SUR/15/00000078','jkl','ART','1','Casualty(446)','Blood(Serum,Plasma)','Fluoride','Random','N','entered',NULL,'2015-10-29 11:43:23','2015-10-29 11:43:23',NULL,'',0,''),(120,'SUR/15/00000078','jkl','ART','1','Casualty(446)','Blood(Serum,Plasma)','None','Random','N','entered',NULL,'2015-10-29 11:43:23','2015-10-29 11:43:23',NULL,'',0,''),(121,'SUR/15/00000078','jkl','ART','1','Casualty(446)','Blood(Whole)','EDTA','Random','N','entered',NULL,'2015-10-29 11:43:23','2015-10-29 11:43:23',NULL,'',0,''),(122,'SUR/15/00000078','jkl','ART','1','Casualty(446)','Blood(Serum,Plasma)','None','Random','N','entered',NULL,'2015-10-29 11:43:23','2015-10-29 11:43:23',NULL,'',0,''),(123,'SUR/15/00000078','jkl','ART','1','Casualty(446)','Stool','None','Random','N','entered',NULL,'2015-10-29 11:43:23','2015-10-29 11:43:23',NULL,'',0,''),(124,'SUR/15/00000078','jkl','ART','1','Casualty(446)','Blood(Serum,Plasma)','Fluoride','Random','N','entered','','2015-10-29 11:44:45','2015-10-29 11:44:45','','',0,''),(125,'SUR/15/00000078','jkl','ART','1','Casualty(446)','Blood(Serum,Plasma)','None','Random','N','entered',NULL,'2015-10-29 11:44:45','2015-10-29 11:44:45',NULL,'',0,''),(126,'SUR/15/00000078','jkl','ART','1','Casualty(446)','Blood(Whole)','EDTA','Random','N','entered',NULL,'2015-10-29 11:44:45','2015-10-29 11:44:45',NULL,'',0,''),(127,'SUR/15/00000078','jkl','ART','1','Casualty(446)','Blood(Serum,Plasma)','None','Random','N','entered',NULL,'2015-10-29 11:44:45','2015-10-29 11:44:45',NULL,'',0,''),(128,'SUR/15/00000078','jkl','ART','1','Casualty(446)','Stool','None','Random','N','entered',NULL,'2015-10-29 11:44:46','2015-10-29 11:44:46',NULL,'',0,''),(129,'SUR/15/00000990','iiii','ART','2','Casualty(446)','Blood(Serum,Plasma)','Fluoride','Random','N','entered',NULL,'2015-10-29 12:02:35','2015-10-29 12:02:35',NULL,'',0,''),(130,'SUR/15/00000990','iiii','ART','2','Casualty(446)','Urine','None','Random','N','entered',NULL,'2015-10-29 12:02:35','2015-10-29 12:02:35',NULL,'',0,''),(131,'SUR/15/00000990','iiii','ART','2','Casualty(446)','Others','None','Random','N','entered',NULL,'2015-10-29 12:02:35','2015-10-29 12:02:35',NULL,'',0,''),(132,'SUR/15/00000990','iiii','ART','2','Casualty(446)','Blood(Serum,Plasma)','Fluoride','Random','N','entered',NULL,'2015-10-29 12:03:02','2015-10-29 12:03:02',NULL,'',0,''),(133,'SUR/15/00000990','iiii','ART','2','Casualty(446)','Urine','None','Random','N','entered',NULL,'2015-10-29 12:03:02','2015-10-29 12:03:02',NULL,'',0,''),(134,'SUR/15/00000990','iiii','ART','2','Casualty(446)','Others','None','Random','N','entered',NULL,'2015-10-29 12:03:03','2015-10-29 12:03:03',NULL,'',0,''),(135,'SUR/15/00000990','iiii','ART','2','Casualty(446)','Blood(Serum,Plasma)','Fluoride','Random','N','entered',NULL,'2015-10-29 12:07:20','2015-10-29 12:07:20',NULL,'',0,''),(136,'SUR/15/00000990','iiii','ART','2','Casualty(446)','Urine','None','Random','N','entered',NULL,'2015-10-29 12:07:20','2015-10-29 12:07:20',NULL,'',0,''),(137,'SUR/15/00000990','iiii','ART','2','Casualty(446)','Others','None','Random','N','entered',NULL,'2015-10-29 12:07:20','2015-10-29 12:07:20',NULL,'',0,''),(138,'SUR/15/00000990','iiii','ART','2','Casualty(446)','Blood(Serum,Plasma)','Fluoride','Random','N','entered',NULL,'2015-10-29 12:08:27','2015-10-29 12:08:27',NULL,'',0,''),(139,'SUR/15/00000990','iiii','ART','2','Casualty(446)','Urine','None','Random','N','entered',NULL,'2015-10-29 12:08:27','2015-10-29 12:08:27',NULL,'',0,''),(140,'SUR/15/00000990','iiii','ART','2','Casualty(446)','Others','None','Random','N','entered',NULL,'2015-10-29 12:08:27','2015-10-29 12:08:27',NULL,'',0,''),(141,'SUR/15/00000990','iiii','ART','2','Casualty(446)','Blood(Serum,Plasma)','Fluoride','Random','N','entered',NULL,'2015-10-29 12:08:47','2015-10-29 12:08:47',NULL,'',0,''),(142,'SUR/15/00000990','iiii','ART','2','Casualty(446)','Urine','None','Random','N','entered',NULL,'2015-10-29 12:08:47','2015-10-29 12:08:47',NULL,'',0,''),(143,'SUR/15/00000990','iiii','ART','2','Casualty(446)','Others','None','Random','N','entered',NULL,'2015-10-29 12:08:48','2015-10-29 12:08:48',NULL,'',0,''),(144,'SUR/15/00000777','apple','ENT','2','E4(510)','Other','Fluoride','Leuteal','N','entered',NULL,'2015-10-29 12:10:56','2015-10-29 12:10:56',NULL,'',0,''),(145,'SUR/15/00000777','apple','ENT','2','E4(510)','Ascitic fluid','None','Leuteal','N','entered',NULL,'2015-10-29 12:10:57','2015-10-29 12:10:57',NULL,'',0,''),(146,'SUR/15/00000777','apple','ENT','2','E4(510)','','','Leuteal','N','entered',NULL,'2015-10-29 12:10:57','2015-10-29 12:10:57',NULL,'',0,''),(147,'SUR/15/00000777','apple','ENT','2','E4(510)','Others','None','Leuteal','N','entered',NULL,'2015-10-29 12:10:57','2015-10-29 12:10:57',NULL,'',0,''),(148,'SUR/15/00000777','apple','ENT','2','E4(510)','Stool','None','Leuteal','N','entered',NULL,'2015-10-29 12:10:57','2015-10-29 12:10:57',NULL,'',0,''),(149,'SUR/15/00000888','ggg','Emergency Medicine','3','F3N(503)','CSF','Fluoride','Post_Prendial','N','entered',NULL,'2015-10-29 12:12:59','2015-10-29 12:12:59',NULL,'',0,''),(150,'SUR/15/00000990','hjhjjh','ART','2','E4(510)','Blood(Serum,Plasma)','None','Fasting','N','entered',NULL,'2015-10-29 12:13:53','2015-10-29 12:13:53',NULL,'',0,''),(151,'SUR/15/00000990','hjhjjh','ART','2','E4(510)','Blood(Serum,Plasma)','Fluoride','Fasting','N','entered',NULL,'2015-10-29 12:13:54','2015-10-29 12:13:54',NULL,'',0,''),(152,'SUR/15/00000990','hjhjjh','ART','2','E4(510)','Stool','None','Fasting','N','entered',NULL,'2015-10-29 12:13:54','2015-10-29 12:13:54',NULL,'',0,''),(153,'SUR/15/00000990','hjhjjh','ART','2','E4(510)','Blood(Serum,Plasma)','None','Fasting','N','entered',NULL,'2015-10-29 12:17:07','2015-10-29 12:17:07',NULL,'',0,''),(154,'SUR/15/00000990','hjhjjh','ART','2','E4(510)','Blood(Serum,Plasma)','Fluoride','Fasting','N','entered',NULL,'2015-10-29 12:17:07','2015-10-29 12:17:07',NULL,'',0,''),(155,'SUR/15/00000990','hjhjjh','ART','2','E4(510)','Stool','None','Fasting','N','entered',NULL,'2015-10-29 12:17:07','2015-10-29 12:17:07',NULL,'',0,''),(156,'SUR/15/00000990','hjhjjh','ART','2','E4(510)','Blood(Serum,Plasma)','None','Fasting','N','entered',NULL,'2015-10-29 12:17:59','2015-10-29 12:17:59',NULL,'',0,''),(157,'SUR/15/00000990','hjhjjh','ART','2','E4(510)','Blood(Serum,Plasma)','Fluoride','Fasting','N','entered',NULL,'2015-10-29 12:17:59','2015-10-29 12:17:59',NULL,'',0,''),(158,'SUR/15/00000990','hjhjjh','ART','2','E4(510)','Stool','None','Fasting','N','entered',NULL,'2015-10-29 12:17:59','2015-10-29 12:17:59',NULL,'',0,''),(159,'SUR/15/00000990','hjhjjh','ART','2','E4(510)','Blood(Serum,Plasma)','None','Fasting','N','entered',NULL,'2015-10-29 12:18:15','2015-10-29 12:18:15',NULL,'',0,''),(160,'SUR/15/00000990','hjhjjh','ART','2','E4(510)','Blood(Serum,Plasma)','Fluoride','Fasting','N','entered',NULL,'2015-10-29 12:18:15','2015-10-29 12:18:15',NULL,'',0,''),(161,'SUR/15/00000990','hjhjjh','ART','2','E4(510)','Stool','None','Fasting','N','entered',NULL,'2015-10-29 12:18:15','2015-10-29 12:18:15',NULL,'',0,''),(162,'SUR/15/00000990','hjhjjh','ART','2','E4(510)','Blood(Serum,Plasma)','None','Fasting','N','entered',NULL,'2015-10-29 12:19:13','2015-10-29 12:19:13',NULL,'',0,''),(163,'SUR/15/00000990','hjhjjh','ART','2','E4(510)','Blood(Serum,Plasma)','Fluoride','Fasting','N','entered',NULL,'2015-10-29 12:19:13','2015-10-29 12:19:13',NULL,'',0,''),(164,'SUR/15/00000990','hjhjjh','ART','2','E4(510)','Stool','None','Fasting','N','entered',NULL,'2015-10-29 12:19:13','2015-10-29 12:19:13',NULL,'',0,''),(165,'SUR/15/00000990','hjhjjh','ART','2','E4(510)','Blood(Serum,Plasma)','None','Fasting','N','entered',NULL,'2015-10-29 12:24:53','2015-10-29 12:24:53',NULL,'',0,''),(166,'SUR/15/00000990','hjhjjh','ART','2','E4(510)','Blood(Serum,Plasma)','Fluoride','Fasting','N','entered',NULL,'2015-10-29 12:24:53','2015-10-29 12:24:53',NULL,'',0,''),(167,'SUR/15/00000990','hjhjjh','ART','2','E4(510)','Stool','None','Fasting','N','entered',NULL,'2015-10-29 12:24:53','2015-10-29 12:24:53',NULL,'',0,''),(168,'SUR/15/00000990','hjhjjh','ART','2','E4(510)','Blood(Serum,Plasma)','None','Fasting','N','entered',NULL,'2015-10-29 12:25:47','2015-10-29 12:25:47',NULL,'',0,''),(169,'SUR/15/00000990','hjhjjh','ART','2','E4(510)','Blood(Serum,Plasma)','Fluoride','Fasting','N','entered',NULL,'2015-10-29 12:25:47','2015-10-29 12:25:47',NULL,'',0,''),(170,'SUR/15/00000990','hjhjjh','ART','2','E4(510)','Stool','None','Fasting','N','entered',NULL,'2015-10-29 12:25:47','2015-10-29 12:25:47',NULL,'',0,''),(171,'SUR/15/00000990','hjhjjh','ART','2','E4(510)','Blood(Serum,Plasma)','None','Fasting','N','entered',NULL,'2015-10-29 12:26:39','2015-10-29 12:26:39',NULL,'',0,''),(172,'SUR/15/00000990','hjhjjh','ART','2','E4(510)','Blood(Serum,Plasma)','Fluoride','Fasting','N','entered',NULL,'2015-10-29 12:26:39','2015-10-29 12:26:39',NULL,'',0,''),(173,'SUR/15/00000990','hjhjjh','ART','2','E4(510)','Stool','None','Fasting','N','entered',NULL,'2015-10-29 12:26:39','2015-10-29 12:26:39',NULL,'',0,''),(174,'SUR/15/00000990','hjhjjh','ART','2','E4(510)','Blood(Serum,Plasma)','None','Fasting','N','entered',NULL,'2015-10-29 12:27:11','2015-10-29 12:27:11',NULL,'',0,''),(175,'SUR/15/00000990','hjhjjh','ART','2','E4(510)','Blood(Serum,Plasma)','Fluoride','Fasting','N','entered',NULL,'2015-10-29 12:27:11','2015-10-29 12:27:11',NULL,'',0,''),(176,'SUR/15/00000990','hjhjjh','ART','2','E4(510)','Stool','None','Fasting','N','entered',NULL,'2015-10-29 12:27:11','2015-10-29 12:27:11',NULL,'',0,''),(177,'SUR/15/00000990','hjhjjh','ART','2','E4(510)','Blood(Serum,Plasma)','None','Fasting','N','entered',NULL,'2015-10-29 12:27:30','2015-10-29 12:27:30',NULL,'',0,''),(178,'SUR/15/00000990','hjhjjh','ART','2','E4(510)','Blood(Serum,Plasma)','Fluoride','Fasting','N','entered',NULL,'2015-10-29 12:27:30','2015-10-29 12:27:30',NULL,'',0,''),(179,'SUR/15/00000990','hjhjjh','ART','2','E4(510)','Stool','None','Fasting','N','entered',NULL,'2015-10-29 12:27:30','2015-10-29 12:27:30',NULL,'',0,''),(180,'SUR/15/00000990','hjhjjh','ART','2','E4(510)','Blood(Serum,Plasma)','None','Fasting','N','entered',NULL,'2015-10-29 12:29:39','2015-10-29 12:29:39',NULL,'',0,''),(181,'SUR/15/00000990','hjhjjh','ART','2','E4(510)','Blood(Serum,Plasma)','Fluoride','Fasting','N','entered',NULL,'2015-10-29 12:29:39','2015-10-29 12:29:39',NULL,'',0,''),(182,'SUR/15/00000990','hjhjjh','ART','2','E4(510)','Stool','None','Fasting','N','entered',NULL,'2015-10-29 12:29:40','2015-10-29 12:29:40',NULL,'',0,''),(183,'SUR/15/00000990','hjhjjh','ART','2','E4(510)','Blood(Serum,Plasma)','None','Fasting','N','entered',NULL,'2015-10-29 12:30:09','2015-10-29 12:30:09',NULL,'',0,''),(184,'SUR/15/00000990','hjhjjh','ART','2','E4(510)','Blood(Serum,Plasma)','Fluoride','Fasting','N','entered',NULL,'2015-10-29 12:30:10','2015-10-29 12:30:10',NULL,'',0,''),(185,'SUR/15/00000990','hjhjjh','ART','2','E4(510)','Stool','None','Fasting','N','entered',NULL,'2015-10-29 12:30:10','2015-10-29 12:30:10',NULL,'',0,''),(186,'SUR/15/00000789','ni','ART','1','Casualty(446)','Blood(Serum,Plasma)','None','Random','N','entered',NULL,'2015-10-29 12:58:40','2015-10-29 12:58:40',NULL,'',0,''),(187,'SUR/15/00000789','ni','ART','1','Casualty(446)','Blood(Whole)','EDTA','Random','N','entered',NULL,'2015-10-29 12:58:41','2015-10-29 12:58:41',NULL,'',0,''),(188,'SUR/15/00000789','ni','ART','1','Casualty(446)','Blood(Serum,Plasma)','None','Random','N','entered',NULL,'2015-10-29 12:58:41','2015-10-29 12:58:41',NULL,'',0,''),(189,'SUR/15/00000789','ni','ART','1','Casualty(446)','Stool','None','Random','N','entered',NULL,'2015-10-29 12:58:41','2015-10-29 12:58:41',NULL,'',0,''),(998,'SUR/15/','','ART','1','E0(506)','Blood(Serum,Plasma)','None','Random','N','entered','','2015-10-29 13:08:19','','','',0,''),(999,'SUR/15/','','ART','1','E0(506)','Ascitic fluid','30 ml 6M HCl','Random','N','entered','','2015-10-29 13:03:30','','','',0,''),(1000,'SUR/15/00000889','kkk','Dentistry','1','Casualty(446)','Blood(Serum,Plasma)','Fluoride','Random','N','entered',NULL,'2015-10-29 13:10:00','2015-10-29 13:10:00',NULL,'',0,''),(1001,'SUR/15/00000889','kkk','Dentistry','1','Casualty(446)','Blood(Serum,Plasma)','None','Random','N','entered',NULL,'2015-10-29 13:10:00','2015-10-29 13:10:00',NULL,'',0,''),(1002,'SUR/15/00000889','kkk','Dentistry','1','Casualty(446)','Blood(Serum,Plasma)','Fluoride','Random','N','entered',NULL,'2015-10-29 13:11:09','2015-10-29 13:11:09',NULL,'',0,''),(1003,'SUR/15/00000889','kkk','Dentistry','1','Casualty(446)','Blood(Serum,Plasma)','None','Random','N','entered',NULL,'2015-10-29 13:11:09','2015-10-29 13:11:09',NULL,'',0,''),(1111,'SUR/15/','kkkk','ART','1','E0(506)','Ascitic fluid','30 ml 6M HCl','Random','N','entered','','2015-10-29 13:12:53','','','BIO',0,''),(6666,'SUR/15/','','ART','1','E0(506)','Blood(Serum,Plasma)','None','Random','N','entered','','2015-10-29 13:14:32','','','BIO',0,''),(8888,'SUR/15/','','ART','1','E0(506)','Blood(Serum,Plasma)','None','Random','N','entered','','2015-10-29 13:20:07','','','SER',0,''),(8889,'SUR/15/00000888','www','Dentistry','2','E4(510)','Blood(Serum,Plasma)','Fluoride','Fasting','N','entered',NULL,'2015-10-29 13:27:27','2015-10-29 13:27:27',NULL,'',0,''),(8890,'SUR/15/00000888','www','Dentistry','2','E4(510)','Stool','None','Fasting','N','entered',NULL,'2015-10-29 13:27:28','2015-10-29 13:27:28',NULL,'',0,''),(8891,'SUR/15/00000888','www','Dentistry','2','E4(510)','Blood(Serum,Plasma)','Fluoride','Fasting','N','entered',NULL,'2015-10-29 13:32:50','2015-10-29 13:32:50',NULL,'',0,''),(8892,'SUR/15/00000888','www','Dentistry','2','E4(510)','Stool','None','Fasting','N','entered',NULL,'2015-10-29 13:32:50','2015-10-29 13:32:50',NULL,'',0,''),(8893,'SUR/15/00000888','www','Dentistry','2','E4(510)','Blood(Serum,Plasma)','Fluoride','Fasting','N','entered',NULL,'2015-10-29 13:33:09','2015-10-29 13:33:09',NULL,'BIO',0,''),(8894,'SUR/15/00000888','www','Dentistry','2','E4(510)','Stool','None','Fasting','N','entered',NULL,'2015-10-29 13:33:09','2015-10-29 13:33:09',NULL,'CP',0,''),(8895,'SUR/15/00000099','ii','Emergency Medicine','3','F3N(503)','Other','Fluoride','Fasting','N','entered',NULL,'2015-10-30 15:29:11','2015-10-30 15:29:11',NULL,'BIO',0,''),(8896,'SUR/15/00000088','jhjh','Dentistry','1','Casualty(446)','Other','Fluoride','Random','N','entered',NULL,'2015-10-30 15:36:27','2015-10-30 15:36:27',NULL,'BIO',0,''),(8897,'SUR/15/00000088','jhjh','Dentistry','1','Casualty(446)','Other','Fluoride','Random','N','entered',NULL,'2015-10-30 15:36:42','2015-10-30 15:36:42',NULL,'BIO',0,''),(8898,'SUR/15/00000899','jjj','Dentistry','2','Casualty(446)','Blood(Serum,Plasma)','None','Random','N','entered',NULL,'2015-10-30 16:09:26','2015-10-30 16:09:26',NULL,'BIO',0,''),(8899,'SUR/15/00000099','kkkk','Dentistry','1','G4(520)','CSF','Fluoride','Post_Prendial','N','entered',NULL,'2015-10-30 16:10:27','2015-10-30 16:10:27',NULL,'BIO',0,''),(8900,'SUR/15/00000099','kkkk','Dentistry','1','G4(520)','Other','Fluoride','Post_Prendial','N','entered',NULL,'2015-10-30 16:10:27','2015-10-30 16:10:27',NULL,'BIO',0,''),(8901,'SUR/15/00000012','XY','Dentistry','2','Casualty(446)','Blood(Serum,Plasma)','Fluoride','Fasting','N','entered',NULL,'2015-10-30 16:25:54','2015-10-30 16:25:54',NULL,'BIO',0,''),(8902,'SUR/15/00000012','XY','Dentistry','2','Casualty(446)','Blood(Serum,Plasma)','None','Fasting','N','entered',NULL,'2015-10-30 16:25:54','2015-10-30 16:25:54',NULL,'BIO',0,''),(8903,'SUR/15/00000012','XY','Dentistry','2','Casualty(446)','Stool','None','Fasting','N','entered',NULL,'2015-10-30 16:25:54','2015-10-30 16:25:54',NULL,'CP',0,''),(8904,'SUR/15/00000012','XY','Dentistry','2','Casualty(446)','Blood(Serum,Plasma)','Fluoride','Fasting','N','entered',NULL,'2015-10-30 16:26:54','2015-10-30 16:26:54',NULL,'BIO',0,''),(8905,'SUR/15/00000012','XY','Dentistry','2','Casualty(446)','Blood(Serum,Plasma)','None','Fasting','N','entered',NULL,'2015-10-30 16:26:54','2015-10-30 16:26:54',NULL,'BIO',0,''),(8906,'SUR/15/00000012','XY','Dentistry','2','Casualty(446)','Stool','None','Fasting','N','entered',NULL,'2015-10-30 16:26:54','2015-10-30 16:26:54',NULL,'CP',0,''),(8907,'SUR/15/00000012','XY','Dentistry','2','Casualty(446)','Blood(Serum,Plasma)','Fluoride','Fasting','N','entered',NULL,'2015-10-30 16:28:45','2015-10-30 16:28:45',NULL,'BIO',0,''),(8908,'SUR/15/00000012','XY','Dentistry','2','Casualty(446)','Blood(Serum,Plasma)','None','Fasting','N','entered',NULL,'2015-10-30 16:28:45','2015-10-30 16:28:45',NULL,'BIO',0,''),(8909,'SUR/15/00000012','XY','Dentistry','2','Casualty(446)','Stool','None','Fasting','N','entered',NULL,'2015-10-30 16:28:45','2015-10-30 16:28:45',NULL,'CP',0,''),(8910,'SUR/15/00000012','XY','Dentistry','2','Casualty(446)','Blood(Serum,Plasma)','None','Fasting','N','verification failed',NULL,'2015-10-30 16:30:20','2015-10-30 16:30:20',NULL,'BIO',1001,''),(8911,'SUR/15/00000012','XY','Dentistry','2','Casualty(446)','Blood(Whole)','EDTA','Fasting','N','verification failed',NULL,'2015-10-30 16:30:20','2015-10-30 16:30:20',NULL,'BIO',1001,''),(8912,'SUR/15/00000012','XY','Dentistry','2','Casualty(446)','Stool','None','Fasting','N','verification failed',NULL,'2015-10-30 16:30:20','2015-10-30 16:30:20',NULL,'CP',1001,''),(8913,'SUR/15/00008998','kjkj','Dentistry','2','E4(510)','Blood(Serum,Plasma)','Fluoride','Leuteal','N','entered',NULL,'2015-10-30 16:31:12','2015-10-30 16:31:12',NULL,'BIO',1002,''),(8914,'SUR/15/00008998','kjkj','Dentistry','2','E4(510)','CSF','None','Leuteal','N','entered',NULL,'2015-10-30 16:31:12','2015-10-30 16:31:12',NULL,'BIO',1002,''),(8915,'SUR/15/00000099','www','Dentistry','2','E4(510)','Blood(Serum,Plasma)','Fluoride','Random','N','entered',NULL,'2015-10-30 16:41:08','2015-10-30 16:41:08',NULL,'BIO',1003,''),(8916,'SUR/15/00000099','www','Dentistry','2','E4(510)','Blood(Serum,Plasma)','None','Random','N','entered',NULL,'2015-10-30 16:41:08','2015-10-30 16:41:08',NULL,'BIO',1003,''),(8918,'SUR/15/00000099','www','Dentistry','2','E4(510)','Blood(Serum,Plasma)','None','Random','N','entered',NULL,'2015-10-30 16:41:33','2015-10-30 16:41:33',NULL,'BIO',1003,''),(8919,'SUR/15/00000333','micro','ART','2','E4(510)','Blood(Serum,Plasma)','Fluoride','Fasting','N','entered',NULL,'2015-10-30 16:54:57','2015-10-30 16:54:57',NULL,'BIO',1004,''),(8920,'SUR/15/00000333','micro','ART','2','E4(510)','Urine','30 ml 6M HCl','Fasting','N','entered',NULL,'2015-10-30 16:54:57','2015-10-30 16:54:57',NULL,'BIO',1004,''),(8921,'SUR/15/00000333','micro','ART','2','E4(510)','CSF','Fluoride','Fasting','N','entered',NULL,'2015-10-30 16:56:08','2015-10-30 16:56:08',NULL,'BIO',1004,'19,Shiv soc,Athwa gate98989876768'),(8922,'SUR/15/00000333','micro','ART','2','E4(510)','Other','Fluoride','Fasting','N','entered',NULL,'2015-10-30 16:56:08','2015-10-30 16:56:08',NULL,'BIO',1004,'19,Shiv soc,Athwa gate98989876768'),(8923,'SUR/15/00000045','dsf','ART','2','E4(510)','Blood(Serum,Plasma)','None','Random','N','entered','','2015-10-30 19:26:18','2015-10-30 19:26:18','','BIO',435,' Start of the day (Done twice a day in this lab or as indicated) ---------------- 1. Empty Waste Can. (only if message given) 2. Empty Bio Hazardous Waste Can.  (only if message given) 3. Fill Deionis'),(8924,'SUR/15/00000088','jjh','ART','2','F0(511)','Blood(Serum,Plasma)','Fluoride','Fasting','N','entered',NULL,'2015-11-25 17:36:49','2015-11-25 17:36:49',NULL,'BIO',1000,'ghj'),(8925,'SUR/15/00000088','jjh','ART','2','F0(511)','Blood(Serum,Plasma)','None','Fasting','N','entered',NULL,'2015-11-25 17:36:49','2015-11-25 17:36:49',NULL,'BIO',1000,'ghj'),(8926,'SUR/15/00000088','jjh','ART','2','F0(511)','Blood(Serum,Plasma)','None','Fasting','N','entered',NULL,'2015-11-25 17:36:49','2015-11-25 17:36:49',NULL,'SER',1000,'ghj'),(8927,'SUR/15/00000088','jjh','ART','2','F0(511)','Stool','None','Fasting','N','entered',NULL,'2015-11-25 17:36:50','2015-11-25 17:36:50',NULL,'CP',1000,'ghj'),(100001,'SUR/15/00000420','nishi','Dentistry','1','OPD','Blood(Serum,Plasma)','Fluoride','Post_Prendial','N','entered',NULL,'2015-10-25 20:45:53','2015-10-25 20:45:53',NULL,'',0,''),(100002,'SUR/15/00000420','nishi','Dentistry','1','OPD','Blood(Serum,Plasma)','None','Post_Prendial','N','entered',NULL,'2015-10-25 20:45:53','2015-10-25 20:45:53',NULL,'',0,''),(100003,'SUR/15/00000420','nishi','Dentistry','1','OPD','Blood(Whole)','EDTA','Post_Prendial','N','entered',NULL,'2015-10-25 20:45:53','2015-10-25 20:45:53',NULL,'',0,''),(100004,'SUR/15/00000420','nishi','Dentistry','1','OPD','Stool','None','Post_Prendial','N','entered',NULL,'2015-10-25 20:45:53','2015-10-25 20:45:53',NULL,'',0,''),(100005,'SUR/15/00000420','nishi','Dentistry','1','OPD','Blood(Serum,Plasma)','None','Post_Prendial','N','entered',NULL,'2015-10-25 20:45:53','2015-10-25 20:45:53',NULL,'',0,''),(100006,'SUR/15/00000420','nishi','Dentistry','1','OPD','Blood(Serum,Plasma)','Fluoride','Post_Prendial','N','entered',NULL,'2015-10-25 20:46:57','2015-10-25 20:46:57',NULL,'',0,''),(100007,'SUR/15/00000420','nishi','Dentistry','1','OPD','Blood(Serum,Plasma)','None','Post_Prendial','N','entered',NULL,'2015-10-25 20:46:57','2015-10-25 20:46:57',NULL,'',0,''),(100008,'SUR/15/00000420','nishi','Dentistry','1','OPD','Blood(Whole)','EDTA','Post_Prendial','N','entered',NULL,'2015-10-25 20:46:57','2015-10-25 20:46:57',NULL,'',0,''),(100009,'SUR/15/00000420','nishi','Dentistry','1','OPD','Stool','None','Post_Prendial','N','entered',NULL,'2015-10-25 20:46:57','2015-10-25 20:46:57',NULL,'',0,''),(100010,'SUR/15/00000420','nishi','Dentistry','1','OPD','Blood(Serum,Plasma)','None','Post_Prendial','N','entered',NULL,'2015-10-25 20:46:58','2015-10-25 20:46:58',NULL,'',0,''),(100011,'SUR/15/00000420','nishi','Dentistry','1','OPD','Blood(Serum,Plasma)','Fluoride','Post_Prendial','N','entered',NULL,'2015-10-25 20:47:12','2015-10-25 20:47:12',NULL,'',0,''),(100012,'SUR/15/00000420','nishi','Dentistry','1','OPD','Blood(Serum,Plasma)','None','Post_Prendial','N','entered',NULL,'2015-10-25 20:47:12','2015-10-25 20:47:12',NULL,'',0,''),(100013,'SUR/15/00000420','nishi','Dentistry','1','OPD','Blood(Whole)','EDTA','Post_Prendial','N','entered',NULL,'2015-10-25 20:47:12','2015-10-25 20:47:12',NULL,'',0,''),(100014,'SUR/15/00000420','nishi','Dentistry','1','OPD','Stool','None','Post_Prendial','N','entered',NULL,'2015-10-25 20:47:12','2015-10-25 20:47:12',NULL,'',0,''),(100015,'SUR/15/00000420','nishi','Dentistry','1','OPD','Blood(Serum,Plasma)','None','Post_Prendial','N','entered',NULL,'2015-10-25 20:47:12','2015-10-25 20:47:12',NULL,'',0,''),(100016,'SUR/15/00000099','jj','Dentistry','5','OPD','Blood(Serum,Plasma)','Fluoride','Leuteal','N','entered',NULL,'2015-10-25 21:53:33','2015-10-25 21:53:33',NULL,'',0,''),(100017,'SUR/15/00000099','jj','Dentistry','5','OPD','Blood(Serum,Plasma)','None','Leuteal','N','entered',NULL,'2015-10-25 21:53:33','2015-10-25 21:53:33',NULL,'',0,''),(100018,'SUR/15/00000099','jj','Dentistry','5','OPD','Blood(Serum,Plasma)','EDTA','Leuteal','N','entered',NULL,'2015-10-25 21:53:33','2015-10-25 21:53:33',NULL,'',0,''),(100019,'SUR/15/00000099','jj','Dentistry','5','OPD','Blood(Serum,Plasma)','None','Leuteal','N','entered',NULL,'2015-10-25 21:53:33','2015-10-25 21:53:33',NULL,'',0,''),(100020,'SUR/15/00000099','jj','Dentistry','5','OPD','Blood(Serum,Plasma)','Fluoride','Leuteal','N','entered',NULL,'2015-10-25 21:54:48','2015-10-25 21:54:48',NULL,'',0,''),(100021,'SUR/15/00000099','jj','Dentistry','5','OPD','Blood(Serum,Plasma)','None','Leuteal','N','entered',NULL,'2015-10-25 21:54:49','2015-10-25 21:54:49',NULL,'',0,''),(100022,'SUR/15/00000099','jj','Dentistry','5','OPD','Blood(Serum,Plasma)','EDTA','Leuteal','N','entered',NULL,'2015-10-25 21:54:49','2015-10-25 21:54:49',NULL,'',0,''),(100023,'SUR/15/00000099','jj','Dentistry','5','OPD','Blood(Serum,Plasma)','None','Leuteal','N','entered',NULL,'2015-10-25 21:54:49','2015-10-25 21:54:49',NULL,'',0,''),(100024,'SUR/15/00000099','jj','Dentistry','5','OPD','Blood(Serum,Plasma)','Fluoride','Leuteal','N','entered',NULL,'2015-10-25 21:57:36','2015-10-25 21:57:36',NULL,'',0,''),(100025,'SUR/15/00000099','jj','Dentistry','5','OPD','Blood(Serum,Plasma)','None','Leuteal','N','entered',NULL,'2015-10-25 21:57:36','2015-10-25 21:57:36',NULL,'',0,''),(100026,'SUR/15/00000099','jj','Dentistry','5','OPD','Blood(Serum,Plasma)','EDTA','Leuteal','N','entered',NULL,'2015-10-25 21:57:37','2015-10-25 21:57:37',NULL,'',0,''),(100027,'SUR/15/00000099','jj','Dentistry','5','OPD','Blood(Serum,Plasma)','None','Leuteal','N','entered',NULL,'2015-10-25 21:57:37','2015-10-25 21:57:37',NULL,'',0,''),(100028,'SUR/15/00000099','jj','Dentistry','5','OPD','Blood(Serum,Plasma)','Fluoride','Leuteal','N','entered',NULL,'2015-10-25 22:00:08','2015-10-25 22:00:08',NULL,'',0,''),(100029,'SUR/15/00000099','jj','Dentistry','5','OPD','Blood(Serum,Plasma)','None','Leuteal','N','entered',NULL,'2015-10-25 22:00:09','2015-10-25 22:00:09',NULL,'',0,''),(100030,'SUR/15/00000099','jj','Dentistry','5','OPD','Blood(Serum,Plasma)','EDTA','Leuteal','N','entered',NULL,'2015-10-25 22:00:09','2015-10-25 22:00:09',NULL,'',0,''),(100031,'SUR/15/00000099','jj','Dentistry','5','OPD','Blood(Serum,Plasma)','None','Leuteal','N','entered',NULL,'2015-10-25 22:00:09','2015-10-25 22:00:09',NULL,'',0,''),(100032,'SUR/15/00000099','jj','Dentistry','5','OPD','Blood(Serum,Plasma)','Fluoride','Leuteal','N','entered',NULL,'2015-10-25 22:00:56','2015-10-25 22:00:56',NULL,'',0,''),(100034,'SUR/15/00000099','jj','Dentistry','5','OPD','Blood(Serum,Plasma)','EDTA','Leuteal','N','entered',NULL,'2015-10-25 22:00:56','2015-10-25 22:00:56',NULL,'',0,''),(100035,'SUR/15/00000099','jj','Dentistry','5','OPD','Blood(Serum,Plasma)','None','Leuteal','N','entered',NULL,'2015-10-25 22:00:56','2015-10-25 22:00:56',NULL,'',0,''),(100036,'SUR/15/00000099','jj','Dentistry','5','OPD','Blood(Serum,Plasma)','Fluoride','Leuteal','N','entered',NULL,'2015-10-25 22:02:35','2015-10-25 22:02:35',NULL,'',0,''),(100037,'SUR/15/00000099','jj','Dentistry','5','OPD','Blood(Serum,Plasma)','None','Leuteal','N','entered',NULL,'2015-10-25 22:02:35','2015-10-25 22:02:35',NULL,'',0,''),(100038,'SUR/15/00000099','jj','Dentistry','5','OPD','Blood(Whole)','EDTA','Leuteal','N','entered',NULL,'2015-10-25 22:02:35','2015-10-25 22:02:35',NULL,'',0,''),(100039,'SUR/15/00000099','jj','Dentistry','5','OPD','Stool','None','Leuteal','N','entered',NULL,'2015-10-25 22:02:35','2015-10-25 22:02:35',NULL,'',0,''),(100040,'SUR/15/00000099','jj','Dentistry','5','OPD','Blood(Serum,Plasma)','Fluoride','Leuteal','N','entered',NULL,'2015-10-25 22:03:50','2015-10-25 22:03:50',NULL,'',0,''),(100041,'SUR/15/00000099','jj','Dentistry','5','OPD','Blood(Serum,Plasma)','None','Leuteal','N','entered',NULL,'2015-10-25 22:03:50','2015-10-25 22:03:50',NULL,'',0,''),(100042,'SUR/15/00000099','jj','Dentistry','5','OPD','Blood(Whole)','EDTA','Leuteal','N','entered',NULL,'2015-10-25 22:03:50','2015-10-25 22:03:50',NULL,'',0,''),(100043,'SUR/15/00000099','jj','Dentistry','5','OPD','Stool','None','Leuteal','N','entered',NULL,'2015-10-25 22:03:50','2015-10-25 22:03:50',NULL,'',0,''),(100044,'SUR/15/',NULL,NULL,NULL,NULL,NULL,NULL,NULL,NULL,'entered',NULL,'2015-10-30 16:48:07','',NULL,'',0,''),(100045,'SUR/15/00000222','Mahesh','ART','2','OPD','Stool','None','Post_Prendial','N','entered',NULL,'2015-10-30 14:52:38','2015-10-30 14:52:38',NULL,'CP',0,''),(100046,'SUR/15/00000222','Mahesh','ART','2','OPD','Blood(Serum,Plasma)','None','Post_Prendial','N','entered',NULL,'2015-10-30 14:52:38','2015-10-30 14:52:38',NULL,'SER',0,''),(100047,'SUR/15/00000009','jhkj','Dentistry','2','OPD','Other','Fluoride','Random','N','entered','','2015-10-30 15:30:03','2015-10-30 15:30:03','','BIO',0,''),(100048,'SUR/15/00000089','jh','Dentistry','1','OPD','Other','Fluoride','Fasting','N','entered','','2015-10-30 15:30:43','2015-10-30 15:30:43','','BIO',0,''),(100049,'SUR/15/00000099','kjhkj','ART','3','OPD','Other','Fluoride','Leuteal','N','entered',NULL,'2015-10-30 15:32:05','2015-10-30 15:32:05',NULL,'BIO',0,''),(100050,'SUR/15/00000066','uu6u','Dentistry','2','OPD','Blood(Serum,Plasma)','None','Random','N','entered','','2015-10-30 16:08:42','2015-10-30 16:08:42','','BIO',0,''),(100051,'SUR/15/00000066','uu6u','Dentistry','2','OPD','Other','Fluoride','Random','N','entered',NULL,'2015-10-30 16:08:43','2015-10-30 16:08:43',NULL,'BIO',0,''),(100052,'SUR/15/00000088','apple','ENT','3','OPD','Blood(Serum,Plasma)','Fluoride','Fasting','N','verification failed',NULL,'2015-10-30 19:18:10','2015-10-30 19:18:10',NULL,'BIO',1007,'sadsafsdafsdafasdfasdf sdfdsfgdsfg'),(100053,'SUR/15/00000088','apple','ENT','3','OPD','Blood(Serum,Plasma)','None','Fasting','N','entered',NULL,'2015-10-30 19:18:10','2015-10-30 19:18:10',NULL,'BIO',1007,'sadsafsdafsdafasdfasdf sdfdsfgdsfg'),(100054,'SUR/15/00000088','apple','ENT','3','OPD','Stool','None','Fasting','N','entered',NULL,'2015-10-30 19:18:11','2015-10-30 19:18:11',NULL,'CP',1007,'sadsafsdafsdafasdfasdf sdfdsfgdsfg'),(100055,'SUR/15/00000666','aaa','ENT','3','OPD','Blood(Serum,Plasma)','Fluoride','Random','N','entered',NULL,'2015-10-30 19:35:45','2015-10-30 19:35:45',NULL,'BIO',99,'wqeqw werw23423vv dsfsdsdfsdf34v retertretert  '),(100056,'SUR/15/00000666','aaa','ENT','3','OPD','Blood(Serum,Plasma)','Fluoride','Random','N','entered',NULL,'2015-10-30 19:37:07','2015-10-30 19:37:07',NULL,'BIO',99,'wqeqw werw\r\n23423vv dsfsd\r\nsdfsdf34v retert\r\nretert  '),(1510000001,'SUR/15/00000099','hhh','Dentistry','2','E4(510)','Blood(Serum,Plasma)','Fluoride','Random','N','entered',NULL,'2015-10-30 15:28:19','2015-10-30 15:28:19',NULL,'BIO',0,''),(1510100001,'SUR/15/00000677','jitesh66','Dentistry','2','OPD','Blood(Serum,Plasma)','Fluoride','GTT1','N','entered',NULL,'2015-10-30 15:26:27','2015-10-30 15:26:27',NULL,'BIO',0,''),(1510100002,'SUR/15/00000088','jitesh66','Dentistry','2','OPD','Blood(Serum,Plasma)','Fluoride','GTT1','N','entered',NULL,'2015-10-30 15:27:08','2015-10-30 15:27:08',NULL,'BIO',0,''),(1510100003,'SUR/15/00000088','jitesh66','Dentistry','2','OPD','Blood(Serum,Plasma)','None','GTT1','N','entered',NULL,'2015-10-30 15:27:08','2015-10-30 15:27:08',NULL,'BIO',0,''),(1510100004,'SUR/15/00000088','jitesh66','Dentistry','2','OPD','Stool','None','GTT1','N','entered',NULL,'2015-10-30 15:27:08','2015-10-30 15:27:08',NULL,'CP',0,'');
/*!40000 ALTER TABLE `sample` ENABLE KEYS */;
UNLOCK TABLES;

--
-- Table structure for table `sample_details`
--

DROP TABLE IF EXISTS `sample_details`;
/*!40101 SET @saved_cs_client     = @@character_set_client */;
/*!40101 SET character_set_client = utf8 */;
CREATE TABLE `sample_details` (
  `sample_details` varchar(30) DEFAULT NULL
) ENGINE=InnoDB DEFAULT CHARSET=utf8;
/*!40101 SET character_set_client = @saved_cs_client */;

--
-- Dumping data for table `sample_details`
--

LOCK TABLES `sample_details` WRITE;
/*!40000 ALTER TABLE `sample_details` DISABLE KEYS */;
INSERT INTO `sample_details` VALUES ('Random'),('Fasting'),('Post_Prendial'),('Leuteal'),('GTT1'),('GTT3');
/*!40000 ALTER TABLE `sample_details` ENABLE KEYS */;
UNLOCK TABLES;

--
-- Table structure for table `sample_type`
--

DROP TABLE IF EXISTS `sample_type`;
/*!40101 SET @saved_cs_client     = @@character_set_client */;
/*!40101 SET character_set_client = utf8 */;
CREATE TABLE `sample_type` (
  `sample_type` varchar(30) NOT NULL,
  `str` varchar(11) NOT NULL,
  PRIMARY KEY (`sample_type`)
) ENGINE=InnoDB DEFAULT CHARSET=utf8;
/*!40101 SET character_set_client = @saved_cs_client */;

--
-- Dumping data for table `sample_type`
--

LOCK TABLES `sample_type` WRITE;
/*!40000 ALTER TABLE `sample_type` DISABLE KEYS */;
INSERT INTO `sample_type` VALUES ('Ascitic fluid','FL'),('Blood(Serum,Plasma)','BL'),('Blood(Whole)','BL'),('CSF','FL'),('Other','OT'),('Stool','ST'),('Urine','UR');
/*!40000 ALTER TABLE `sample_type` ENABLE KEYS */;
UNLOCK TABLES;

--
-- Table structure for table `scope`
--

DROP TABLE IF EXISTS `scope`;
/*!40101 SET @saved_cs_client     = @@character_set_client */;
/*!40101 SET character_set_client = utf8 */;
CREATE TABLE `scope` (
  `result` varchar(200) COLLATE utf8_unicode_ci DEFAULT NULL,
  `unit` varchar(10) COLLATE utf8_unicode_ci DEFAULT NULL,
  `name_of_examination` varchar(50) COLLATE utf8_unicode_ci NOT NULL,
  `id` int(11) NOT NULL,
  `referance_range` varchar(200) COLLATE utf8_unicode_ci DEFAULT NULL,
  `sample_type` varchar(20) COLLATE utf8_unicode_ci NOT NULL,
  `preservative` varchar(30) COLLATE utf8_unicode_ci NOT NULL,
  `method_of_analysis` varchar(30) COLLATE utf8_unicode_ci NOT NULL,
  `sample_id` int(11) DEFAULT NULL,
  `code` varchar(20) COLLATE utf8_unicode_ci DEFAULT NULL,
  `Available` varchar(20) COLLATE utf8_unicode_ci NOT NULL,
  `NABL_Accredited` varchar(20) COLLATE utf8_unicode_ci NOT NULL,
  `TAT` varchar(200) COLLATE utf8_unicode_ci NOT NULL,
  `instruction_for_patient_preparation` varchar(500) COLLATE utf8_unicode_ci DEFAULT NULL,
  `instruction_for_patient_collected_sample` varchar(500) COLLATE utf8_unicode_ci NOT NULL,
  `patient_consent` varchar(500) COLLATE utf8_unicode_ci NOT NULL,
  `required_patient_and_family_info` varchar(500) COLLATE utf8_unicode_ci NOT NULL,
  `preexamination_storage_requirement` varchar(500) COLLATE utf8_unicode_ci NOT NULL,
  `maximum_duration_of_sample_collection` varchar(50) COLLATE utf8_unicode_ci NOT NULL,
  `time_limit_to_request_as_additional_examination` varchar(500) COLLATE utf8_unicode_ci NOT NULL,
  `section` varchar(5) COLLATE utf8_unicode_ci NOT NULL,
  PRIMARY KEY (`id`)
) ENGINE=InnoDB DEFAULT CHARSET=utf8 COLLATE=utf8_unicode_ci;
/*!40101 SET character_set_client = @saved_cs_client */;

--
-- Dumping data for table `scope`
--

LOCK TABLES `scope` WRITE;
/*!40000 ALTER TABLE `scope` DISABLE KEYS */;
INSERT INTO `scope` VALUES (NULL,'mg/dl','Glucose',1,'F:70-110 PP:<140 R:<200','Blood(Serum,Plasma)','Fluoride','GOD-POD endpoint',NULL,'GLC','yes','Yes','Ward: 4 hours, OPD:24 hours','No specific instruction','No specific instruction','No written consent required','None','transport and store at ambient temperature. Store separated serum/plasma at <(-20 degree C) if can not be examined within maximum duration of sample collection.','Send sample within 4 hours of collection','Request as additional examination within 4 hours of collection','BIO'),(NULL,'mg/dl','Glucose',2,'40-70','CSF','Fluoride','GOD-POD endpoint',NULL,'GLC','yes','No','Ward: 4 hours, OPD:24 hours','No specific instruction','No specific instruction','No written consent required','None','transport and store at ambient temperature. Store separated serum/plasma at <(-20 degree C) if can not be examined within maximum duration of sample collection.','Send sample within 4 hours of collection','Request as additional examination within 4 hours of collection','BIO'),(NULL,'mg/dl','Glucose',3,'40-70','CSF','None','GOD-POD endpoint',NULL,'GLC','yes','No','Ward: 4 hours, OPD:24 hours','No specific instruction','No specific instruction','No written consent required','None','transport and store at ambient temperature. Store separated serum/plasma at <(-20 degree C) if can not be examined within maximum duration of sample collection.','Send sample within 4 hours of collection','Request as additional examination within 4 hours of collection','BIO'),(NULL,'mg/dl','Creatinine',4,'0.6-1.6','Blood(Serum,Plasma)','None','Jaffe two point',NULL,'CR','yes','Yes','Ward: 4 hours, OPD:24 hours','No specific instruction','No specific instruction','No written consent required','None','transport and store at ambient temperature. Store separated serum/plasma at <(-20 degree C) if can not be examined within maximum duration of sample collection.','Send sample within 4 hours of collection','Request as additional examination within 4 hours of collection','BIO'),(NULL,'mg/dl','Creatinine',5,'N/A','Urine','None','Jaffe two point',NULL,'CR','yes','No','Ward: 4 hours, OPD:24 hours','No specific instruction','No specific instruction','No written consent required','None','transport and store at ambient temperature. Store separated serum/plasma at <(-20 degree C) if can not be examined within maximum duration of sample collection.','Send sample within 4 hours of collection','Request as additional examination within 4 hours of collection','BIO'),(NULL,'mg/dl','Urea',6,'15-45','Blood(Serum,Plasma)','None','Urease  GLDH',NULL,'URE','yes','Yes','Ward: 4 hours, OPD:24 hours','No specific instruction','No specific instruction','No written consent required','None','transport and store at ambient temperature. Store separated serum/plasma at <(-20 degree C) if can not be examined within maximum duration of sample collection.','Send sample within 4 hours of collection','Request as additional examination within 4 hours of collection','BIO'),(NULL,'mg/dl','Bilirubin Direct',7,'0-0.3','Blood(Serum,Plasma)','None','Diazo Reaction in water',NULL,'DBIL','yes','Yes','Ward: 4 hours, OPD:24 hours','No specific instruction','No specific instruction','No written consent required','None','transport and store at ambient temperature. Store separated serum/plasma at <(-20 degree C) if can not be examined within maximum duration of sample collection.','Send sample within 4 hours of collection','Request as additional examination within 4 hours of collection','BIO'),(NULL,'mg/dl','Bilirubin Total',8,'0-2.0','Blood(Serum,Plasma)','None','Diazo Reaction with caffine',NULL,'TBIL','yes','Yes','Ward: 4 hours, OPD:24 hours','No specific instruction','No specific instruction','No written consent required','None','transport and store at ambient temperature. Store separated serum/plasma at <(-20 degree C) if can not be examined within maximum duration of sample collection.','Send sample within 4 hours of collection','Request as additional examination within 4 hours of collection','BIO'),(NULL,'mg/dl','Billirubin Indirect',9,'0-2.0','Blood(Serum,Plasma)','None','Calculation',NULL,'IBIL','yes','Yes','Ward: 4 hours, OPD:24 hours','No specific instruction','No specific instruction','No written consent required','None','transport and store at ambient temperature. Store separated serum/plasma at <(-20 degree C) if can not be examined within maximum duration of sample collection.','Send sample within 4 hours of collection','Request as additional examination within 4 hours of collection','BIO'),(NULL,'mg/dl','Triglycerides',10,'<150','Blood(Serum,Plasma)','None','Lipase  GO POD',NULL,'TG','yes','Yes','Ward: 4 hours, OPD:24 hours','No specific instruction','No specific instruction','No written consent required','None','transport and store at ambient temperature. Store separated serum/plasma at <(-20 degree C) if can not be examined within maximum duration of sample collection.','Send sample within 4 hours of collection','Request as additional examination within 4 hours of collection','BIO'),(NULL,'gm/dl','Albumin',11,'3.5-5.5','Blood(Serum,Plasma)','None','BCG',NULL,'ALB','yes','Yes','Ward: 4 hours, OPD:24 hours','No specific instruction','No specific instruction','No written consent required','None','transport and store at ambient temperature. Store separated serum/plasma at <(-20 degree C) if can not be examined within maximum duration of sample collection.','Send sample within 4 hours of collection','Request as additional examination within 4 hours of collection','BIO'),(NULL,'U/L','CK-MB',12,'0-24','Blood(Serum,Plasma)','None','Immunoinhibition  kinetic',NULL,'CKMB','yes','No','Ward: 4 hours, OPD:24 hours','No specific instruction','No specific instruction','No written consent required','None','transport and store at ambient temperature. Store separated serum/plasma at <(-20 degree C) if can not be examined within maximum duration of sample collection.','Send sample within 4 hours of collection','Request as additional examination within 4 hours of collection','BIO'),(NULL,'mg/dl','Cholesterol Total',13,'<200','Blood(Serum,Plasma)','None','CHO  Peroxidase',NULL,'CHO','yes','Yes','Ward: 4 hours, OPD:24 hours','No specific instruction','No specific instruction','No written consent required','None','transport and store at ambient temperature. Store separated serum/plasma at <(-20 degree C) if can not be examined within maximum duration of sample collection.','Send sample within 4 hours of collection','Request as additional examination within 4 hours of collection','BIO'),(NULL,'U/L','Alkaline Phosphatase',14,'42-128','Blood(Serum,Plasma)','None','pNPP,AMP',NULL,'ALP','yes','Yes','Ward: 4 hours, OPD:24 hours','No specific instruction','No specific instruction','No written consent required','None','transport and store at ambient temperature. Store separated serum/plasma at <(-20 degree C) if can not be examined within maximum duration of sample collection.','Send sample within 4 hours of collection','Request as additional examination within 4 hours of collection','BIO'),(NULL,'gm/dl','Total Protein',15,'6.5-8.5','Blood(Serum,Plasma)','None','Biuret',NULL,'TP','yes','Yes','Ward: 4 hours, OPD:24 hours','No specific instruction','No specific instruction','No written consent required','None','transport and store at ambient temperature. Store separated serum/plasma at <(-20 degree C) if can not be examined within maximum duration of sample collection.','Send sample within 4 hours of collection','Request as additional examination within 4 hours of collection','BIO'),(NULL,'mg/dl','Total Protein',16,'15-40','CSF','None','pyrogallol red',NULL,'MPR','yes','No','Ward: 4 hours, OPD:24 hours','No specific instruction','No specific instruction','No written consent required','None','transport and store at ambient temperature. Store separated serum/plasma at <(-20 degree C) if can not be examined within maximum duration of sample collection.','Send sample within 4 hours of collection','Request as additional examination within 4 hours of collection','BIO'),(NULL,'mg/dl','Total Protein',17,'15-40','CSF','Fluoride','pyrogallol red',NULL,'MPR','yes','No','Ward: 4 hours, OPD:24 hours','No specific instruction','No specific instruction','No written consent required','None','transport and store at ambient temperature. Store separated serum/plasma at <(-20 degree C) if can not be examined within maximum duration of sample collection.','Send sample within 4 hours of collection','Request as additional examination within 4 hours of collection','BIO'),(NULL,'mg/dl','Total Protein',18,'N/A','Other','None','pyrogallol red',NULL,'MPR','yes','No','Ward: 4 hours, OPD:24 hours','No specific instruction','No specific instruction','No written consent required','None','transport and store at ambient temperature. Store separated serum/plasma at <(-20 degree C) if can not be examined within maximum duration of sample collection.','Send sample within 4 hours of collection','Request as additional examination within 4 hours of collection','BIO'),(NULL,'gm/dl','Total Protein',19,'N/A','Other','None','Biuret',NULL,'TP','yes','No','Ward: 4 hours, OPD:24 hours','No specific instruction','No specific instruction','No written consent required','None','transport and store at ambient temperature. Store separated serum/plasma at <(-20 degree C) if can not be examined within maximum duration of sample collection.','Send sample within 4 hours of collection','Request as additional examination within 4 hours of collection','BIO'),(NULL,'mg/dl','Calcium',20,'8.5-11.0','Blood(Serum,Plasma)','None','Arsenazo III',NULL,'CAL','yes','No','Ward: 12 hours, OPD:24 hours','No specific instruction','No specific instruction','No written consent required','None','transport and store at ambient temperature. Store separated serum/plasma at <(-20 degree C) if can not be examined within maximum duration of sample collection.','Send sample within 4 hours of collection','Request as additional examination within 4 hours of collection','BIO'),(NULL,'mg/dl','Uric Acid',21,'2.6-7.2','Blood(Serum,Plasma)','None','Uricase  Paroxidase',NULL,'UA','yes','Yes','Ward: 4 hours, OPD:24 hours','No specific instruction','No specific instruction','No written consent required','None','transport and store at ambient temperature. Store separated serum/plasma at <(-20 degree C) if can not be examined within maximum duration of sample collection.','Send sample within 4 hours of collection','Request as additional examination within 4 hours of collection','BIO'),(NULL,'U/L','Amylase',22,'N/A','Other','None','CNP-maltotriose',NULL,'AMY','yes','No','Ward: 4 hours, OPD:24 hours','No specific instruction','No specific instruction','No written consent required','None','transport and store at ambient temperature. Store separated serum/plasma at <(-20 degree C) if can not be examined within maximum duration of sample collection.','Send sample within 4 hours of collection','Request as additional examination within 4 hours of collection','BIO'),(NULL,'U/L','Amylase',23,'28-100','Blood(Serum,Plasma)','None','CNP-maltotriose',NULL,'AMY','yes','Yes','Ward: 4 hours, OPD:24 hours','No specific instruction','No specific instruction','No written consent required','None','transport and store at ambient temperature. Store separated serum/plasma at <(-20 degree C) if can not be examined within maximum duration of sample collection.','Send sample within 4 hours of collection','Request as additional examination within 4 hours of collection','BIO'),(NULL,'mg/dl','HDL-Cholesterol',24,'>35','Blood(Serum,Plasma)','None','DS-Mg2+',NULL,'CHOH','yes','No','Ward: 24 hours, OPD:24 hours','No specific instruction','No specific instruction','No written consent required','None','transport and store at ambient temperature. Store separated serum/plasma at <(-20 degree C) if can not be examined within maximum duration of sample collection.','Send sample within 4 hours of collection','Request as additional examination within 4 hours of collection','BIO'),(NULL,'mg/dl','VLDL - Cholesterol',25,'<30','Blood(Serum,Plasma)','None','Calculation',NULL,'CHOV','yes','Yes','Ward: 12 hours, OPD:24 hours','No specific instruction','No specific instruction','No written consent required','None','transport and store at ambient temperature. Store separated serum/plasma at <(-20 degree C) if can not be examined within maximum duration of sample collection.','Send sample within 4 hours of collection','Request as additional examination within 4 hours of collection','BIO'),(NULL,'mg/dl','LDL - Cholesterol',26,'<130','Blood(Serum,Plasma)','None','Calculation',NULL,'CHOL','yes','Yes','Ward: 12 hours, OPD:24 hours','No specific instruction','No specific instruction','No written consent required','None','transport and store at ambient temperature. Store separated serum/plasma at <(-20 degree C) if can not be examined within maximum duration of sample collection.','Send sample within 4 hours of collection','Request as additional examination within 4 hours of collection','BIO'),(NULL,'mmol/l','Na+',27,'135-145','Blood(Serum,Plasma)','None','Ion-selective electrode',NULL,'NA','yes','Yes','Ward: 2 hours, OPD:24 hours','No specific instruction','No specific instruction','No written consent required','None','transport and store at ambient temperature. Store separated serum/plasma at <(-20 degree C) if can not be examined within maximum duration of sample collection.','Send sample within 2 hours of collection','Request as additional examination within 2 hours of collection','BIO'),(NULL,'mmol/l','K+',28,'3.5-5.5','Blood(Serum,Plasma)','None','Ion-selective electrode',NULL,'K','yes','Yes','Ward: 2 hours, OPD:24 hours','No specific instruction','No specific instruction','No written consent required','None','transport and store at ambient temperature. Store separated serum/plasma at <(-20 degree C) if can not be examined within maximum duration of sample collection.','Send sample within 2 hours of collection','Request as additional examination within 2 hours of collection','BIO'),(NULL,'mmol/l','Li+',29,'0.6-1.2','Blood(Serum,Plasma)','None','Ion-selective electrode',NULL,'LI','yes','Yes','Ward: 2 hours, OPD:24 hours','No specific instruction','No specific instruction','No written consent required','None','transport and store at ambient temperature. Store separated serum/plasma at <(-20 degree C) if can not be examined within maximum duration of sample collection.','Send sample within 2 hours of collection','Request as additional examination within 2 hours of collection','BIO'),(NULL,'N/A','Ketones',30,'N/A','Blood(Serum,Plasma)','None','Qualitative  nitroprusside',NULL,'KTO','yes','No','Ward: 4 hours, OPD:24 hours','No specific instruction','No specific instruction','No written consent required','None','transport and store at ambient temperature. Store separated serum/plasma at <(-20 degree C) if can not be examined within maximum duration of sample collection.','Send sample within 4 hours of collection','Request as additional examination within 4 hours of collection','BIO'),(NULL,'U/L','ALT',31,'<45','Blood(Serum,Plasma)','None','L-Alanine  LDH  UV Kinetic',NULL,'ALT','yes','Yes','Ward: 4 hours, OPD:24 hours','No specific instruction','No specific instruction','No written consent required','None','transport and store at ambient temperature. Store separated serum/plasma at <(-20 degree C) if can not be examined within maximum duration of sample collection.','Send sample within 4 hours of collection','Request as additional examination within 4 hours of collection','BIO'),(NULL,'mg/dl','Total Protein',32,'N/A','Urine','None','pyrogallol red',NULL,'MPR','yes','No','Ward: 4 hours, OPD:24 hours','No specific instruction','No specific instruction','No written consent required','None','transport and store at ambient temperature. Store separated serum/plasma at <(-20 degree C) if can not be examined within maximum duration of sample collection.','Send sample within 4 hours of collection','Request as additional examination within 4 hours of collection','BIO'),(NULL,'mg/dl','Glucose',33,'N/A','Other','None','GOD-POD endpoint',NULL,'GLC','yes','No','Ward: 4 hours, OPD:24 hours','No specific instruction','No specific instruction','No written consent required','None','transport and store at ambient temperature. Store separated serum/plasma at <(-20 degree C) if can not be examined within maximum duration of sample collection.','Send sample within 4 hours of collection','Request as additional examination within 4 hours of collection','BIO'),(NULL,'microU/ml','TSH',34,'0.5-5.0','Blood(Serum,Plasma)','None','ELISA',NULL,'TSH','yes','No','7 days','No specific instruction','No specific instruction','No written consent required','None','transport and store at ambient temperature. Store separated serum/plasma at <(-20 degree C) if can not be examined within maximum duration of sample collection.','Send sample within 4 hours of collection','Request as additional examination within 4 hours of collection','BIO'),(NULL,'N/A','Protein/Creatinine',35,'< 0.1','Urine','None','Calculation',NULL,NULL,'yes','No','Ward: 4 hours, OPD:24 hours','No specific instruction','No specific instruction','No written consent required','None','transport and store at ambient temperature. Store separated serum/plasma at <(-20 degree C) if can not be examined within maximum duration of sample collection.','Send sample within 4 hours of collection','Request as additional examination within 4 hours of collection','BIO'),(NULL,'mg/dl','Calcium',36,'N/A','Urine','30 ml 6M HCl','Arsenazo III',NULL,'CAL','yes','No','Ward: 12 hours, OPD:24 hours','Send a plastic container with around 4 liters volume. It will be washed by the laboratory and approproate preservative will be added and returned for sample collection.','Do not throw away preservative liquid. Discard 8.00 am urine. There after collect urine in the container till 8 am next morning. Include last 8 am urine in container. Keep in refrigerator in between','No written consent required','None','transport and store at ambient temperature. Store separated serum/plasma at <(-20 degree C) if can not be examined within maximum duration of sample collection.','Send sample within 4 hours of collection','Request as additional examination within 4 hours of collection','BIO'),(NULL,'ml/day','Urine Output',37,'N/A','Urine','None','Volumetric measurement',NULL,NULL,'yes','No','Ward: 4 hours, OPD:24 hours','No specific instruction','Discard 8.00 am urine. collect till 8.00 am next day. Include last urine at 8.00 am next day. store in refrigerator in between collection.','No written consent required','None','transport and store at ambient temperature. Store separated serum/plasma at <(-20 degree C) if can not be examined within maximum duration of sample collection.','Send sample within 4 hours of collection','Request as additional examination within 4 hours of collection','BIO'),(NULL,'ml/day','Urine Output',38,'N/A','Urine','30 ml 6M HCl','Volumetric measurement',NULL,NULL,'yes','No','Ward: 4 hours, OPD:24 hours','No specific instruction','There is preservative inside.Donot discard it. Discard 8.00 am urine. collect till 8.00 am next day. Include last urine at 8.00 am next day. store in refrigerator in between collection.','No written consent required','None','transport and store at ambient temperature. Store separated serum/plasma at <(-20 degree C) if can not be examined within maximum duration of sample collection.','Send sample within 4 hours of collection','Request as additional examination within 4 hours of collection','BIO'),(NULL,'mg/day','Total Protein',40,'<150','Urine','None','Calculation',NULL,NULL,'yes','No','Ward: 4 hours, OPD:24 hours','No specific instruction','No specific instruction','No written consent required','None','transport and store at ambient temperature. Store separated serum/plasma at <(-20 degree C) if can not be examined within maximum duration of sample collection.','Send sample within 4 hours of collection','Request as additional examination within 4 hours of collection','BIO'),(NULL,'U/L','Lipase',43,'N/A','Other','None','Turbidometry',NULL,'LIP','yes','No','Ward: 4 hours, OPD:24 hours','No specific instruction','No specific instruction','No written consent required','None','transport and store at ambient temperature. Store separated serum/plasma at <(-20 degree C) if can not be examined within maximum duration of sample collection.','Send sample within 4 hours of collection','Request as additional examination within 4 hours of collection','BIO'),(NULL,'mg/dl','Triglycerides',48,'N/A','Others','None','Lipase  GO POD',NULL,'TG','yes','No','Ward: 4 hours, OPD:24 hours','No specific instruction','No specific instruction','No written consent required','None','transport and store at ambient temperature. Store separated serum/plasma at <(-20 degree C) if can not be examined within maximum duration of sample collection.','Send sample within 4 hours of collection','Request as additional examination within 4 hours of collection','BIO'),(NULL,'pmol/L','Free T4',53,'10.3-34.7','Blood(Serum,Plasma)','None','ELISA',NULL,'FT4','yes','No','7 days','No specific instruction','No specific instruction','No written consent required','None','transport and store at ambient temperature. Store separated serum/plasma at <(-20 degree C) if can not be examined within maximum duration of sample collection.','Send sample within 4 hours of collection','Request as additional examination within 4 hours of collection','BIO'),(NULL,'IU/ml','TPOAb',58,'<30','Blood(Serum,Plasma)','None','ELISA',NULL,'TPO','No','No','7 days','No specific instruction','No specific instruction','No written consent required','None','transport and store at ambient temperature. Store separated serum/plasma at <(-20 degree C) if can not be examined within maximum duration of sample collection.','Send sample within 4 hours of collection','Request as additional examination within 4 hours of collection','BIO'),(NULL,'gm/dl','Total Protein',60,NULL,'Urine','None','Biuret',NULL,'TP','yes','No','Ward: 4 hours, OPD:24 hours','No specific instruction','No specific instruction','No written consent required','None','transport and store at ambient temperature. Store separated serum/plasma at <(-20 degree C) if can not be examined within maximum duration of sample collection.','Send sample within 4 hours of collection','Request as additional examination within 4 hours of collection','BIO'),(NULL,'mmol/l','Cl-',61,'98-107','Blood(Serum,Plasma)','None','ISE',NULL,'CL','No','Yes','Ward: 2 hours, OPD:24 hours','No specific instruction','No specific instruction','No written consent required','None','transport and store at ambient temperature. Store separated serum/plasma at <(-20 degree C) if can not be examined within maximum duration of sample collection.','Send sample within 4 hours of collection','Request as additional examination within 4 hours of collection','BIO'),(NULL,'N/A','Calcium/Creatinine Ratio',62,'<0.2(Adults)','Urine','None','Calculation',NULL,'CCR','yes','No','Ward: 4 hours, OPD:24 hours','No specific instruction','No specific instruction','No written consent required','None','transport and store at ambient temperature. Store separated serum/plasma at <(-20 degree C) if can not be examined within maximum duration of sample collection.','Send sample within 4 hours of collection','Request as additional examination within 4 hours of collection','BIO'),(NULL,'N/A','Ketones',63,'N/A','Urine','None','Nitroprusside',NULL,'KTO','yes','No','Ward: 4 hours, OPD:24 hours','No specific instruction','No specific instruction','No written consent required','None','transport and store at ambient temperature. Store separated serum/plasma at <(-20 degree C) if can not be examined within maximum duration of sample collection.','Send sample within 4 hours of collection','Request as additional examination within 4 hours of collection','BIO'),(NULL,'N/A','Protein Electrophoresis',64,'N/A','Blood(Serum,Plasma)','None','Agarose pH 8.6 Veronal Buffer',NULL,'PRE','yes','No','72 hours','No specific instruction','No specific instruction','No written consent required','None','transport and store at ambient temperature. Store separated serum/plasma at <(-20 degree C) if can not be examined within maximum duration of sample collection.','Send sample within 4 hours of collection','Request as additional examination within 4 hours of collection','BIO'),(NULL,'U/L','Lipase',65,'0-5','Blood(Serum,Plasma)','None','Turbidometry',NULL,'LIP','yes','No','Ward: 4 hours, OPD:24 hours','No specific instruction','No specific instruction','No written consent required','None','transport and store at ambient temperature. Store separated serum/plasma at <(-20 degree C) if can not be examined within maximum duration of sample collection.','Send sample within 4 hours of collection','Request as additional examination within 4 hours of collection','BIO'),(NULL,'U/ml','Adenosine Deaminase',66,'<15','Blood(Serum,Plasma)','None','Berthelot',NULL,'ADA','yes','No','24 hours','No specific instruction','No specific instruction','No written consent required','None','transport and store at ambient temperature. Store separated serum/plasma at <(-20 degree C) if can not be examined within maximum duration of sample collection.','Send sample within 4 hours of collection','Request as additional examination within 4 hours of collection','BIO'),(NULL,'U/ml','Adenosine Deaminase',67,'N/A','Other','None','Berthelot',NULL,'ADA','yes','No','24 hours','No specific instruction','No specific instruction','No written consent required','None','transport and store at ambient temperature. Store separated serum/plasma at <(-20 degree C) if can not be examined within maximum duration of sample collection.','Send sample within 4 hours of collection','Request as additional examination within 4 hours of collection','BIO'),(NULL,'U/L','LDH',68,'250-450','Blood(Serum,Plasma)','None','LDH UV Kinetic',NULL,'LDH','yes','No','Ward: 4 hours, OPD:24 hours','No specific instruction','No specific instruction','No written consent required','None','transport and store at ambient temperature. Store separated serum/plasma at <(-20 degree C) if can not be examined within maximum duration of sample collection.','Send sample within 4 hours of collection','Request as additional examination within 4 hours of collection','BIO'),(NULL,'mg/L','CRP',69,'<6','Blood(Serum,Plasma)','None','Latex turbidimetry',NULL,'CRPT','No','No','Ward: 4 hours, OPD:24 hours','No specific instruction','No specific instruction','No written consent required','None','transport and store at ambient temperature. Store separated serum/plasma at <(-20 degree C) if can not be examined within maximum duration of sample collection.','Send sample within 4 hours of collection','Request as additional examination within 4 hours of collection','BIO'),(NULL,'mg/L','CRP',70,'N/A','Other','None','Latex turbidimetry',NULL,'CRPT','No','No','Ward: 4 hours, OPD:24 hours','No specific instruction','No specific instruction','No written consent required','None','transport and store at ambient temperature. Store separated serum/plasma at <(-20 degree C) if can not be examined within maximum duration of sample collection.','Send sample within 4 hours of collection','Request as additional examination within 4 hours of collection','BIO'),(NULL,'U/L','LDH',71,'N/A','Other','None','LDH UV Kinetic',NULL,'LDH','yes','No','Ward: 4 hours, OPD:24 hours','No specific instruction','No specific instruction','No written consent required','None','transport and store at ambient temperature. Store separated serum/plasma at <(-20 degree C) if can not be examined within maximum duration of sample collection.','Send sample within 4 hours of collection','Request as additional examination within 4 hours of collection','BIO'),(NULL,'N/A','Bence Jones protein',74,'N/A','Urine','None','Heat Precipitation',NULL,'BJP','yes','No','24 hours','No specific instruction','No specific instruction','No written consent required','None','transport and store at ambient temperature. Store separated serum/plasma at <(-20 degree C) if can not be examined within maximum duration of sample collection.','Send sample within 4 hours of collection','Request as additional examination within 4 hours of collection','BIO'),(NULL,'N/A','HB Electrophoresis',75,'N/A','Blood(Whole)','EDTA','agarose gel PH 8.6,TEB buffer',NULL,'HE','yes','No','72 hours','No specific instruction','No specific instruction','No written consent required','Sometimes results of same examination in parents and siblings is requested by the laboratory ','transport and store at ambient temperature if can be examined within 4 hours. Else store at 2-8 degree C. Do not freeze. Examined within 3 days.','Send sample within 4 hours of collection','Request as additional examination within 4 hours of collection','BIO'),(NULL,'N/A','Dithionite Test for HbS',76,'N/A','Blood(Whole)','EDTA','Dithionite',NULL,'DTS','yes','No','72 hours','No specific instruction','No specific instruction','No written consent required','Sometimes results of same examination in parents and siblings is requested by the laboratory ','transport and store at ambient temperature if can be examined within 4 hours. Else store at 2-8 degree C. Do not freeze. Examined within 3 days.','Send sample within 4 hours of collection','Request as additional examination within 4 hours of collection','BIO'),(NULL,'mg/dl','Cholesterol Total',78,'N/A','Other','None','CHO  Peroxidase',NULL,'CHO','yes','No','Ward: 4 hours, OPD:24 hours','No specific instruction','No specific instruction','No written consent required','None','transport and store at ambient temperature. Store separated serum/plasma at <(-20 degree C) if can not be examined within maximum duration of sample collection.','Send sample within 4 hours of collection','Request as additional examination within 4 hours of collection','BIO'),(NULL,'U/ml','Adenosine Deaminase',79,NULL,'CSF','None','Berthelot',NULL,'ADA','yes','No','24 hours','No specific instruction','No specific instruction','No written consent required','None','transport and store at ambient temperature. Store separated serum/plasma at <(-20 degree C) if can not be examined within maximum duration of sample collection.','Send sample within 4 hours of collection','Request as additional examination within 4 hours of collection','BIO'),(NULL,'mg/dl','LDH',80,'N/A','CSF','None','LDH UV Kinetic',NULL,'LDH','yes','No','Ward: 4 hours, OPD:24 hours','No specific instruction','No specific instruction','No written consent required','None','transport and store at ambient temperature. Store separated serum/plasma at <(-20 degree C) if can not be examined within maximum duration of sample collection.','Send sample within 4 hours of collection','Request as additional examination within 4 hours of collection','BIO'),(NULL,'N/A','Benedict\'s Test',81,'N/A','Urine','None','Benedict\'s reaction',NULL,'BDT','yes','No','24 hours','No specific instruction','No specific instruction','No written consent required','None','transport and store at ambient temperature. Store separated serum/plasma at <(-20 degree C) if can not be examined within maximum duration of sample collection.','Send sample within 4 hours of collection','Request as additional examination within 4 hours of collection','BIO'),(NULL,'N/A','paper chromatography',82,'N/A','Blood(Serum,Plasma)','None','butenol,acetic acid,water',NULL,'PCHRO','yes','No','72 hours','No specific instruction','No specific instruction','No written consent required','None','transport and store at ambient temperature. Store separated serum/plasma at <(-20 degree C) if can not be examined within maximum duration of sample collection.','Send sample within 4 hours of collection','Request as additional examination within 4 hours of collection','BIO'),(NULL,'mg/day','Calcium',83,'<200','Urine','N/A','Calculation',NULL,'DCAL','yes','No','Ward: 12 hours, OPD:24 hours','No specific instruction','No specific instruction','No written consent required','None','transport and store at ambient temperature. Store separated serum/plasma at <(-20 degree C) if can not be examined within maximum duration of sample collection.','Send sample within 4 hours of collection','Request as additional examination within 4 hours of collection','BIO'),(NULL,'ng/mL','Ferritin',87,NULL,'Blood(Serum,Plasma)','None','ELISA',NULL,'FT','No','No','Ward: 4 hours, OPD:24 hours','No specific instruction','No specific instruction','No written consent required','None','transport and store at ambient temperature. Store separated serum/plasma at <(-20 degree C) if can not be examined within maximum duration of sample collection.','Send sample within 4 hours of collection','Request as additional examination within 4 hours of collection','BIO'),(NULL,'mg/dl','Glucose',89,'N/A','Other','Fluoride','GOD-POD endpoint',NULL,'GLC','yes','No','Ward: 4 hours, OPD:24 hours','No specific instruction','No specific instruction','No written consent required','None','transport and store at ambient temperature. Store separated serum/plasma at <(-20 degree C) if can not be examined within maximum duration of sample collection.','Send sample within 4 hours of collection','Request as additional examination within 4 hours of collection','BIO'),(NULL,'U/L','Cholinesterase',90,'3700-13000','Blood(Serum,Plasma)','None','Butyrylcholinesterase',NULL,'CHE','yes','No','Ward: 4 hours, OPD:24 hours','No specific instruction','No specific instruction','No written consent required','None','transport and store at ambient temperature. Store separated serum/plasma at <(-20 degree C) if can not be examined within maximum duration of sample collection.','Send sample within 4 hours of collection','Request as additional examination within 4 hours of collection','BIO'),(NULL,'mg/dl','Creatinine',91,'0.6-1.6','Other','None','Jaffe two point',NULL,'CR','yes','No','Ward: 4 hours, OPD:24 hours','No specific instruction','No specific instruction','No written consent required','None','transport and store at ambient temperature. Store separated serum/plasma at <(-20 degree C) if can not be examined within maximum duration of sample collection.','Send sample within 4 hours of collection','Request as additional examination within 4 hours of collection','BIO'),(NULL,'ng/ml','Ferritin',92,'32-500','Blood(Serum,Plasma)','None','ELISA',NULL,'FRT','No','No','Ward: 4 hours, OPD:24 hours','No specific instruction','No specific instruction','No written consent required','None','transport and store at ambient temperature. Store separated serum/plasma at <(-20 degree C) if can not be examined within maximum duration of sample collection.','Send sample within 4 hours of collection','Request as additional examination within 4 hours of collection','BIO'),(NULL,'N/A','paper chromatography',98,'N/A','Urine','None','butenol,acetic acid,water',NULL,'PCHRO','yes','No','72 hours','No specific instruction','No specific instruction','No written consent required','None','transport and store at ambient temperature. Store separated serum/plasma at <(-20 degree C) if can not be examined within maximum duration of sample collection.','Send sample within 4 hours of collection','Request as additional examination within 4 hours of collection','BIO'),(NULL,'%','HbA1c',99,'<6.5','Blood(Whole)','EDTA','Latex immunoturbidimetry',NULL,'HbA1c','No','no','Ward: 4 hours, OPD:24 hours','No specific instruction','No specific instruction','No written consent required','None','transport and store at ambient temperature if can be examined within 4 hours. Else store at 2-8 degree C. Do not freeze. Examined within 3 days.','Send sample within 4 hours of collection','Request as additional examination within 4 hours of collection','BIO'),(NULL,'N/A','Protein Electrophoresis',102,'N/A','Urine','None','Agarose pH 8.6 Veronal Buffer',NULL,'PRE','yes','No','72 hours','No specific instruction','No specific instruction','No written consent required','None','transport and store at ambient temperature. Store separated serum/plasma at <(-20 degree C) if can not be examined within maximum duration of sample collection.','Send sample within 4 hours of collection','Request as additional examination within 4 hours of collection','BIO'),(NULL,'g/dl','Iron',103,'50-175','Blood(Serum,Plasma)','None','Ferrozine',NULL,'IRON','yes','No','24 hours','No specific instruction','No specific instruction','No written consent required','None','transport and store at ambient temperature. Store separated serum/plasma at <(-20 degree C) if can not be examined within maximum duration of sample collection.','Send sample within 4 hours of collection','Request as additional examination within 4 hours of collection','BIO'),(NULL,'g/dl','TIBC',104,'250-450','Blood(Serum,Plasma)','None','Ferrozine,MgCO3',NULL,'TIBC','yes','No','24 hours','No specific instruction','No specific instruction','No written consent required','None','transport and store at ambient temperature. Store separated serum/plasma at <(-20 degree C) if can not be examined within maximum duration of sample collection.','Send sample within 4 hours of collection','Request as additional examination within 4 hours of collection','BIO'),(NULL,'gm/dl','Total Protein',105,'0.015-0.040','CSF','None','Biuret',NULL,'TP','yes','No','Ward: 4 hours, OPD:24 hours','No specific instruction','No specific instruction','No written consent required','None','transport and store at ambient temperature. Store separated serum/plasma at <(-20 degree C) if can not be examined within maximum duration of sample collection.','Send sample within 4 hours of collection','Request as additional examination within 4 hours of collection','BIO'),(NULL,'gm/dl','Total Protein',106,'0.015-0.040','CSF','Fluoride','Biuret',NULL,'TP','yes','No','Ward: 4 hours, OPD:24 hours','No specific instruction','No specific instruction','No written consent required','None','transport and store at ambient temperature. Store separated serum/plasma at <(-20 degree C) if can not be examined within maximum duration of sample collection.','Send sample within 4 hours of collection','Request as additional examination within 4 hours of collection','BIO'),(NULL,'U/L','AST',107,'<38','Blood(Serum,Plasma)','None','L-Aspartate  MDH  UV Kinetic',NULL,'AST','yes','No','Ward: 4 hours, OPD:24 hours','No specific instruction','No specific instruction','No written consent required','None','transport and store at ambient temperature. Store separated serum/plasma at <(-20 degree C) if can not be examined within maximum duration of sample collection.','Send sample within 4 hours of collection','Request as additional examination within 4 hours of collection','BIO'),(NULL,'gm/dl','Albumin',108,'N/A','Other','None','BCG',NULL,'ALB','yes','No','Ward: 4 hours, OPD:24 hours','No specific instruction','No specific instruction','No written consent required','None','transport and store at ambient temperature. Store separated serum/plasma at <(-20 degree C) if can not be examined within maximum duration of sample collection.','Send sample within 4 hours of collection','Request as additional examination within 4 hours of collection','BIO'),(NULL,'gm/dl','Albumin',109,'N/A','Ascitic fluid','None','BCG',NULL,'ALB','yes','No','Ward: 4 hours, OPD:24 hours','No specific instruction','No specific instruction','No written consent required','None','transport and store at ambient temperature. Store separated serum/plasma at <(-20 degree C) if can not be examined within maximum duration of sample collection.','Send sample within 4 hours of collection','Request as additional examination within 4 hours of collection','BIO'),(NULL,NULL,'Stool',601,NULL,'Stool','None','Physical, Chemical,Microscopic',NULL,'STUL','yes','no','',NULL,'','','','','','','CP'),(NULL,NULL,'HbSAg',602,NULL,'Blood(Serum,Plasma)','None','ELISA',NULL,'HBSAG','yes','yes','',NULL,'','','','','','','SER'),(NULL,NULL,'Z_Sample_Rejection',1001,NULL,'','','',NULL,'SR','yes','','Ward: 4 hours, OPD:24 hours','No specific instruction','No specific instruction','No written consent required','None','transport and store at ambient temperature. Store separated serum/plasma at <(-20 degree C) if can not be examined within maximum duration of sample collection.','Send sample within 4 hours of collection','Request as additional examination within 4 hours of collection','BIO'),(NULL,NULL,'Z_Examination_Rejection',1002,NULL,'','','',NULL,'ER','yes','','Ward: 4 hours, OPD:24 hours','No specific instruction','No specific instruction','No written consent required','None','transport and store at ambient temperature. Store separated serum/plasma at <(-20 degree C) if can not be examined within maximum duration of sample collection.','Send sample within 4 hours of collection','Request as additional examination within 4 hours of collection','BIO'),(NULL,NULL,'Z_Examination_Interference',1003,NULL,'','','',NULL,'EI','yes','','Ward: 4 hours, OPD:24 hours','No specific instruction','No specific instruction','No written consent required','None','transport and store at ambient temperature. Store separated serum/plasma at <(-20 degree C) if can not be examined within maximum duration of sample collection.','Send sample within 4 hours of collection','Request as additional examination within 4 hours of collection','BIO'),(NULL,NULL,'Z_Telephonic_Reporting',1004,NULL,'','','',NULL,'TR','yes','','Ward: 4 hours, OPD:24 hours','No specific instruction','No specific instruction','No written consent required','None','transport and store at ambient temperature. Store separated serum/plasma at <(-20 degree C) if can not be examined within maximum duration of sample collection.','Send sample within 4 hours of collection','Request as additional examination within 4 hours of collection','BIO'),(NULL,NULL,'Z_Critical_Alert',1005,NULL,'','','',NULL,'CRT','yes','','Ward: 4 hours, OPD:24 hours','No specific instruction','No specific instruction','No written consent required','None','transport and store at ambient temperature. Store separated serum/plasma at <(-20 degree C) if can not be examined within maximum duration of sample collection.','Send sample within 4 hours of collection','Request as additional examination within 4 hours of collection','BIO'),(NULL,NULL,'Z_Withdrawn_Report',1006,NULL,'','','',NULL,'WR','yes','','Ward: 4 hours, OPD:24 hours','No specific instruction','No specific instruction','No written consent required','None','transport and store at ambient temperature. Store separated serum/plasma at <(-20 degree C) if can not be examined within maximum duration of sample collection.','Send sample within 4 hours of collection','Request as additional examination within 4 hours of collection','BIO'),(NULL,NULL,'Z_Remark',1007,NULL,'','','',NULL,'RMR','yes','','Ward: 4 hours, OPD:24 hours','No specific instruction','No specific instruction','No written consent required','None','transport and store at ambient temperature. Store separated serum/plasma at <(-20 degree C) if can not be examined within maximum duration of sample collection.','Send sample within 4 hours of collection','Request as additional examination within 4 hours of collection','BIO'),(NULL,NULL,'Z_Attachment',1008,NULL,'','','',NULL,'ATC','yes','','Ward: 4 hours, OPD:24 hours','No specific instruction','No specific instruction','No written consent required','None','transport and store at ambient temperature. Store separated serum/plasma at <(-20 degree C) if can not be examined within maximum duration of sample collection.','Send sample within 4 hours of collection','Request as additional examination within 4 hours of collection','BIO');
/*!40000 ALTER TABLE `scope` ENABLE KEYS */;
UNLOCK TABLES;

--
-- Table structure for table `section`
--

DROP TABLE IF EXISTS `section`;
/*!40101 SET @saved_cs_client     = @@character_set_client */;
/*!40101 SET character_set_client = utf8 */;
CREATE TABLE `section` (
  `section` varchar(5) NOT NULL,
  `department` varchar(5) NOT NULL
) ENGINE=InnoDB DEFAULT CHARSET=latin1;
/*!40101 SET character_set_client = @saved_cs_client */;

--
-- Dumping data for table `section`
--

LOCK TABLES `section` WRITE;
/*!40000 ALTER TABLE `section` DISABLE KEYS */;
INSERT INTO `section` VALUES ('BIO','BIO'),('SER','MICRO'),('BEC','MICRO'),('CP','PATH');
/*!40000 ALTER TABLE `section` ENABLE KEYS */;
UNLOCK TABLES;

--
-- Table structure for table `status`
--

DROP TABLE IF EXISTS `status`;
/*!40101 SET @saved_cs_client     = @@character_set_client */;
/*!40101 SET character_set_client = utf8 */;
CREATE TABLE `status` (
  `status` varchar(30) NOT NULL
) ENGINE=InnoDB DEFAULT CHARSET=utf8;
/*!40101 SET character_set_client = @saved_cs_client */;

--
-- Dumping data for table `status`
--

LOCK TABLES `status` WRITE;
/*!40000 ALTER TABLE `status` DISABLE KEYS */;
INSERT INTO `status` VALUES (''),('verified'),('entered'),('centrifuged'),('analysed'),('verification failed');
/*!40000 ALTER TABLE `status` ENABLE KEYS */;
UNLOCK TABLES;

--
-- Table structure for table `unit`
--

DROP TABLE IF EXISTS `unit`;
/*!40101 SET @saved_cs_client     = @@character_set_client */;
/*!40101 SET character_set_client = utf8 */;
CREATE TABLE `unit` (
  `unit` varchar(30) COLLATE utf8_unicode_ci DEFAULT NULL
) ENGINE=InnoDB DEFAULT CHARSET=utf8 COLLATE=utf8_unicode_ci;
/*!40101 SET character_set_client = @saved_cs_client */;

--
-- Dumping data for table `unit`
--

LOCK TABLES `unit` WRITE;
/*!40000 ALTER TABLE `unit` DISABLE KEYS */;
INSERT INTO `unit` VALUES ('1'),('2'),('3'),('4'),('5'),('6'),('A'),('B'),('-');
/*!40000 ALTER TABLE `unit` ENABLE KEYS */;
UNLOCK TABLES;

--
-- Table structure for table `urgent`
--

DROP TABLE IF EXISTS `urgent`;
/*!40101 SET @saved_cs_client     = @@character_set_client */;
/*!40101 SET character_set_client = utf8 */;
CREATE TABLE `urgent` (
  `urgent` varchar(30) NOT NULL
) ENGINE=InnoDB DEFAULT CHARSET=utf8;
/*!40101 SET character_set_client = @saved_cs_client */;

--
-- Dumping data for table `urgent`
--

LOCK TABLES `urgent` WRITE;
/*!40000 ALTER TABLE `urgent` DISABLE KEYS */;
INSERT INTO `urgent` VALUES ('N'),('Y');
/*!40000 ALTER TABLE `urgent` ENABLE KEYS */;
UNLOCK TABLES;
/*!40103 SET TIME_ZONE=@OLD_TIME_ZONE */;

/*!40101 SET SQL_MODE=@OLD_SQL_MODE */;
/*!40014 SET FOREIGN_KEY_CHECKS=@OLD_FOREIGN_KEY_CHECKS */;
/*!40014 SET UNIQUE_CHECKS=@OLD_UNIQUE_CHECKS */;
/*!40101 SET CHARACTER_SET_CLIENT=@OLD_CHARACTER_SET_CLIENT */;
/*!40101 SET CHARACTER_SET_RESULTS=@OLD_CHARACTER_SET_RESULTS */;
/*!40101 SET COLLATION_CONNECTION=@OLD_COLLATION_CONNECTION */;
/*!40111 SET SQL_NOTES=@OLD_SQL_NOTES */;

-- Dump completed on 2015-11-25 18:12:37
